{
   "devices": [
        {
            "host": "192.168.0.128",
            "login": "admin",
            "password": "admin"
        },
        {
            "host": "192.168.52.4",
            "login": "admin",
            "password": "admin"
        }
        ,
        {
            "host": "192.168.0.113:8183",
            "login": "admin",
            "password": "admin"
        },
        {
            "host": "192.168.0.92",
            "login": "admin",
            "password": "admin"
        },
        {
            "host": "192.168.0.145",
            "login": "admin",
            "password": "admin"
        }
    ]
}