<?xml version="1.0" encoding="UTF-8" ?><report><location city="Paris [Département de Paris;France]"><interesting><url description="Prévisions météo">https://www.tameteo.com/meteo_Paris-Europe-France-Paris-LFPB-1-26048.html</url></interesting><day value="20201014" name="Mercredi"><symbol value="1" desc="Ciel dégagé" value2="1" desc2="Ciel dégagé"/><tempmin value="-2" unit="°C"/><tempmax value="10" unit="°C"/><wind value="11" unit="km/h" symbol="11" symbolB="35"/><wind-gusts value="25" unit="km/h"/><rain value="0" unit="mm"/><humidity value="82"/><pressure value="1031" unit="mb"/><snowline value="1800" unit="m"/><uv_index_max value="1"/><sun in="08:14" mid="13:04" out="17:54"/><moon in="14:34" out="06:06" lumi="89.4%" desc="Lune croissante, 89.4% Éclairée" symbol="11"/><local_info local_time="10:24" offset="1"/><hour value="01:00"><temp value="2" unit="°C"/><symbol value="2" desc="Intervalles nuageux" value2="2" desc2="Intervalles nuageux"/><wind value="7" unit="km/h" dir="SE" symbol="4" symbolB="28"/><wind-gusts value="17" unit="km/h"/><rain value="0" unit="mm"/><humidity value="96"/><pressure value="1035" unit="mb"/><clouds value="49%"/><snowline value="1800" unit="m"/><windchill value="0" unit="°C"/><uv_index value="0"/></hour><hour value="02:00"><temp value="1" unit="°C"/><symbol value="2" desc="Intervalles nuageux" value2="2" desc2="Intervalles nuageux"/><wind value="6" unit="km/h" dir="SE" symbol="4" symbolB="28"/><wind-gusts value="15" unit="km/h"/><rain value="0" unit="mm"/><humidity value="98"/><pressure value="1035" unit="mb"/><clouds value="48%"/><snowline value="1800" unit="m"/><windchill value="0" unit="°C"/><uv_index value="0"/></hour><hour value="03:00"><temp value="1" unit="°C"/><symbol value="2" desc="Intervalles nuageux" value2="2" desc2="Intervalles nuageux"/><wind value="6" unit="km/h" dir="E" symbol="3" symbolB="27"/><wind-gusts value="12" unit="km/h"/><rain value="0" unit="mm"/><humidity value="97"/><pressure value="1034" unit="mb"/><clouds value="46%"/><snowline value="1800" unit="m"/><windchill value="0" unit="°C"/><uv_index value="0"/></hour><hour value="04:00"><temp value="1" unit="°C"/><symbol value="2" desc="Intervalles nuageux" value2="2" desc2="Intervalles nuageux"/><wind value="6" unit="km/h" dir="E" symbol="3" symbolB="19"/><wind-gusts value="10" unit="km/h"/><rain value="0" unit="mm"/><humidity value="97"/><pressure value="1034" unit="mb"/><clouds value="44%"/><snowline value="1800" unit="m"/><windchill value="0" unit="°C"/><uv_index value="0"/></hour><hour value="05:00"><temp value="0" unit="°C"/><symbol value="2" desc="Intervalles nuageux" value2="2" desc2="Intervalles nuageux"/><wind value="6" unit="km/h" dir="E" symbol="3" symbolB="19"/><wind-gusts value="9" unit="km/h"/><rain value="0" unit="mm"/><humidity value="98"/><pressure value="1034" unit="mb"/><clouds value="29%"/><snowline value="1800" unit="m"/><windchill value="-2" unit="°C"/><uv_index value="0"/></hour><hour value="06:00"><temp value="-1" unit="°C"/><symbol value="2" desc="Intervalles nuageux" value2="2" desc2="Intervalles nuageux"/><wind value="7" unit="km/h" dir="NE" symbol="2" symbolB="18"/><wind-gusts value="10" unit="km/h"/><rain value="0" unit="mm"/><humidity value="100"/><pressure value="1033" unit="mb"/><clouds value="15%"/><snowline value="1900" unit="m"/><windchill value="-3" unit="°C"/><uv_index value="0"/></hour><hour value="07:00"><temp value="-1" unit="°C"/><symbol value="1" desc="Ciel dégagé" value2="1" desc2="Ciel dégagé"/><wind value="8" unit="km/h" dir="NE" symbol="2" symbolB="18"/><wind-gusts value="11" unit="km/h"/><rain value="0" unit="mm"/><humidity value="99"/><pressure value="1033" unit="mb"/><clouds value="0%"/><snowline value="2000" unit="m"/><windchill value="-4" unit="°C"/><uv_index value="0"/></hour><hour value="08:00"><temp value="-1" unit="°C"/><symbol value="1" desc="Ciel dégagé" value2="1" desc2="Ciel dégagé"/><wind value="8" unit="km/h" dir="NE" symbol="2" symbolB="26"/><wind-gusts value="12" unit="km/h"/><rain value="0" unit="mm"/><humidity value="96"/><pressure value="1033" unit="mb"/><clouds value="0%"/><snowline value="2200" unit="m"/><windchill value="-3" unit="°C"/><uv_index value="0"/></hour><hour value="09:00"><temp value="1" unit="°C"/><symbol value="1" desc="Ciel dégagé" value2="1" desc2="Ciel dégagé"/><wind value="7" unit="km/h" dir="E" symbol="3" symbolB="27"/><wind-gusts value="14" unit="km/h"/><rain value="0" unit="mm"/><humidity value="92"/><pressure value="1032" unit="mb"/><clouds value="0%"/><snowline value="2300" unit="m"/><windchill value="-1" unit="°C"/><uv_index value="0"/></hour><hour value="10:00"><temp value="2" unit="°C"/><symbol value="1" desc="Ciel dégagé" value2="1" desc2="Ciel dégagé"/><wind value="7" unit="km/h" dir="E" symbol="3" symbolB="27"/><wind-gusts value="16" unit="km/h"/><rain value="0" unit="mm"/><humidity value="86"/><pressure value="1032" unit="mb"/><clouds value="1%"/><snowline value="2400" unit="m"/><windchill value="1" unit="°C"/><uv_index value="0"/></hour><hour value="11:00"><temp value="4" unit="°C"/><symbol value="1" desc="Ciel dégagé" value2="1" desc2="Ciel dégagé"/><wind value="8" unit="km/h" dir="E" symbol="3" symbolB="27"/><wind-gusts value="19" unit="km/h"/><rain value="0" unit="mm"/><humidity value="78"/><pressure value="1032" unit="mb"/><clouds value="0%"/><snowline value="2400" unit="m"/><windchill value="2" unit="°C"/><uv_index value="1"/></hour><hour value="12:00"><temp value="6" unit="°C"/><symbol value="1" desc="Ciel dégagé" value2="1" desc2="Ciel dégagé"/><wind value="10" unit="km/h" dir="E" symbol="11" symbolB="35"/><wind-gusts value="22" unit="km/h"/><rain value="0" unit="mm"/><humidity value="70"/><pressure value="1032" unit="mb"/><clouds value="0%"/><snowline value="2500" unit="m"/><windchill value="4" unit="°C"/><uv_index value="1"/></hour><hour value="13:00"><temp value="8" unit="°C"/><symbol value="1" desc="Ciel dégagé" value2="1" desc2="Ciel dégagé"/><wind value="11" unit="km/h" dir="E" symbol="11" symbolB="35"/><wind-gusts value="24" unit="km/h"/><rain value="0" unit="mm"/><humidity value="64"/><pressure value="1031" unit="mb"/><clouds value="0%"/><snowline value="2500" unit="m"/><windchill value="6" unit="°C"/><uv_index value="1"/></hour><hour value="14:00"><temp value="9" unit="°C"/><symbol value="1" desc="Ciel dégagé" value2="1" desc2="Ciel dégagé"/><wind value="11" unit="km/h" dir="E" symbol="11" symbolB="35"/><wind-gusts value="25" unit="km/h"/><rain value="0" unit="mm"/><humidity value="59"/><pressure value="1031" unit="mb"/><clouds value="0%"/><snowline value="2600" unit="m"/><windchill value="7" unit="°C"/><uv_index value="1"/></hour><hour value="15:00"><temp value="9" unit="°C"/><symbol value="1" desc="Ciel dégagé" value2="1" desc2="Ciel dégagé"/><wind value="10" unit="km/h" dir="E" symbol="11" symbolB="35"/><wind-gusts value="25" unit="km/h"/><rain value="0" unit="mm"/><humidity value="56"/><pressure value="1030" unit="mb"/><clouds value="0%"/><snowline value="2600" unit="m"/><windchill value="8" unit="°C"/><uv_index value="1"/></hour><hour value="16:00"><temp value="9" unit="°C"/><symbol value="1" desc="Ciel dégagé" value2="1" desc2="Ciel dégagé"/><wind value="9" unit="km/h" dir="E" symbol="11" symbolB="35"/><wind-gusts value="25" unit="km/h"/><rain value="0" unit="mm"/><humidity value="55"/><pressure value="1030" unit="mb"/><clouds value="0%"/><snowline value="2600" unit="m"/><windchill value="8" unit="°C"/><uv_index value="0"/></hour><hour value="17:00"><temp value="8" unit="°C"/><symbol value="1" desc="Ciel dégagé" value2="1" desc2="Ciel dégagé"/><wind value="9" unit="km/h" dir="E" symbol="11" symbolB="35"/><wind-gusts value="23" unit="km/h"/><rain value="0" unit="mm"/><humidity value="60"/><pressure value="1029" unit="mb"/><clouds value="0%"/><snowline value="2600" unit="m"/><windchill value="6" unit="°C"/><uv_index value="0"/></hour><hour value="18:00"><temp value="6" unit="°C"/><symbol value="1" desc="Ciel dégagé" value2="1" desc2="Ciel dégagé"/><wind value="10" unit="km/h" dir="E" symbol="11" symbolB="35"/><wind-gusts value="20" unit="km/h"/><rain value="0" unit="mm"/><humidity value="68"/><pressure value="1029" unit="mb"/><clouds value="0%"/><snowline value="2700" unit="m"/><windchill value="4" unit="°C"/><uv_index value="0"/></hour><hour value="19:00"><temp value="4" unit="°C"/><symbol value="1" desc="Ciel dégagé" value2="1" desc2="Ciel dégagé"/><wind value="10" unit="km/h" dir="E" symbol="3" symbolB="27"/><wind-gusts value="18" unit="km/h"/><rain value="0" unit="mm"/><humidity value="77"/><pressure value="1029" unit="mb"/><clouds value="0%"/><snowline value="2700" unit="m"/><windchill value="2" unit="°C"/><uv_index value="0"/></hour><hour value="20:00"><temp value="3" unit="°C"/><symbol value="1" desc="Ciel dégagé" value2="1" desc2="Ciel dégagé"/><wind value="10" unit="km/h" dir="E" symbol="3" symbolB="27"/><wind-gusts value="17" unit="km/h"/><rain value="0" unit="mm"/><humidity value="82"/><pressure value="1029" unit="mb"/><clouds value="0%"/><snowline value="2700" unit="m"/><windchill value="1" unit="°C"/><uv_index value="0"/></hour><hour value="21:00"><temp value="2" unit="°C"/><symbol value="1" desc="Ciel dégagé" value2="1" desc2="Ciel dégagé"/><wind value="9" unit="km/h" dir="E" symbol="3" symbolB="27"/><wind-gusts value="17" unit="km/h"/><rain value="0" unit="mm"/><humidity value="86"/><pressure value="1029" unit="mb"/><clouds value="0%"/><snowline value="2600" unit="m"/><windchill value="0" unit="°C"/><uv_index value="0"/></hour><hour value="22:00"><temp value="2" unit="°C"/><symbol value="1" desc="Ciel dégagé" value2="1" desc2="Ciel dégagé"/><wind value="9" unit="km/h" dir="E" symbol="3" symbolB="27"/><wind-gusts value="17" unit="km/h"/><rain value="0" unit="mm"/><humidity value="89"/><pressure value="1028" unit="mb"/><clouds value="0%"/><snowline value="2600" unit="m"/><windchill value="-1" unit="°C"/><uv_index value="0"/></hour><hour value="23:00"><temp value="1" unit="°C"/><symbol value="1" desc="Ciel dégagé" value2="1" desc2="Ciel dégagé"/><wind value="8" unit="km/h" dir="E" symbol="3" symbolB="27"/><wind-gusts value="16" unit="km/h"/><rain value="0" unit="mm"/><humidity value="90"/><pressure value="1028" unit="mb"/><clouds value="0%"/><snowline value="2600" unit="m"/><windchill value="-1" unit="°C"/><uv_index value="0"/></hour><hour value="24:00"><temp value="1" unit="°C"/><symbol value="1" desc="Ciel dégagé" value2="1" desc2="Ciel dégagé"/><wind value="8" unit="km/h" dir="E" symbol="3" symbolB="27"/><wind-gusts value="15" unit="km/h"/><rain value="0" unit="mm"/><humidity value="89"/><pressure value="1028" unit="mb"/><clouds value="0%"/><snowline value="2600" unit="m"/><windchill value="-2" unit="°C"/><uv_index value="0"/></hour></day><day value="20200207" name="Vendredi"><symbol value="3" desc="Ciel nuageux" value2="3" desc2="Ciel nuageux"/><tempmin value="-2" unit="°C"/><tempmax value="11" unit="°C"/><wind value="13" unit="km/h" symbol="12" symbolB="36"/><wind-gusts value="26" unit="km/h"/><rain value="0" unit="mm"/><humidity value="79"/><pressure value="1023" unit="mb"/><snowline value="2500" unit="m"/><uv_index_max value="1"/><sun in="08:12" mid="13:04" out="17:56"/><moon in="15:37" out="07:05" lumi="95.28%" desc="Lune croissante, 95.28% Éclairée" symbol="12"/><local_info local_time="10:24" offset="1"/><hour value="01:00"><temp value="0" unit="°C"/><symbol value="1" desc="Ciel dégagé" value2="1" desc2="Ciel dégagé"/><wind value="8" unit="km/h" dir="E" symbol="3" symbolB="27"/><wind-gusts value="14" unit="km/h"/><rain value="0" unit="mm"/><humidity value="88"/><pressure value="1028" unit="mb"/><clouds value="0%"/><snowline value="2600" unit="m"/><windchill value="-2" unit="°C"/><uv_index value="0"/></hour><hour value="02:00"><temp value="0" unit="°C"/><symbol value="1" desc="Ciel dégagé" value2="1" desc2="Ciel dégagé"/><wind value="8" unit="km/h" dir="E" symbol="3" symbolB="27"/><wind-gusts value="14" unit="km/h"/><rain value="0" unit="mm"/><humidity value="88"/><pressure value="1027" unit="mb"/><clouds value="0%"/><snowline value="2600" unit="m"/><windchill value="-2" unit="°C"/><uv_index value="0"/></hour><hour value="03:00"><temp value="0" unit="°C"/><symbol value="1" desc="Ciel dégagé" value2="1" desc2="Ciel dégagé"/><wind value="8" unit="km/h" dir="SE" symbol="4" symbolB="28"/><wind-gusts value="14" unit="km/h"/><rain value="0" unit="mm"/><humidity value="89"/><pressure value="1027" unit="mb"/><clouds value="0%"/><snowline value="2500" unit="m"/><windchill value="-3" unit="°C"/><uv_index value="0"/></hour><hour value="04:00"><temp value="-1" unit="°C"/><symbol value="1" desc="Ciel dégagé" value2="1" desc2="Ciel dégagé"/><wind value="8" unit="km/h" dir="SE" symbol="4" symbolB="28"/><wind-gusts value="14" unit="km/h"/><rain value="0" unit="mm"/><humidity value="88"/><pressure value="1026" unit="mb"/><clouds value="0%"/><snowline value="2500" unit="m"/><windchill value="-3" unit="°C"/><uv_index value="0"/></hour><hour value="05:00"><temp value="-1" unit="°C"/><symbol value="1" desc="Ciel dégagé" value2="1" desc2="Ciel dégagé"/><wind value="8" unit="km/h" dir="SE" symbol="4" symbolB="28"/><wind-gusts value="15" unit="km/h"/><rain value="0" unit="mm"/><humidity value="88"/><pressure value="1026" unit="mb"/><clouds value="0%"/><snowline value="2500" unit="m"/><windchill value="-4" unit="°C"/><uv_index value="0"/></hour><hour value="06:00"><temp value="-1" unit="°C"/><symbol value="1" desc="Ciel dégagé" value2="1" desc2="Ciel dégagé"/><wind value="9" unit="km/h" dir="SE" symbol="4" symbolB="28"/><wind-gusts value="15" unit="km/h"/><rain value="0" unit="mm"/><humidity value="86"/><pressure value="1026" unit="mb"/><clouds value="0%"/><snowline value="2500" unit="m"/><windchill value="-4" unit="°C"/><uv_index value="0"/></hour><hour value="07:00"><temp value="-1" unit="°C"/><symbol value="1" desc="Ciel dégagé" value2="1" desc2="Ciel dégagé"/><wind value="9" unit="km/h" dir="SE" symbol="4" symbolB="28"/><wind-gusts value="16" unit="km/h"/><rain value="0" unit="mm"/><humidity value="84"/><pressure value="1025" unit="mb"/><clouds value="0%"/><snowline value="2600" unit="m"/><windchill value="-4" unit="°C"/><uv_index value="0"/></hour><hour value="08:00"><temp value="0" unit="°C"/><symbol value="1" desc="Ciel dégagé" value2="1" desc2="Ciel dégagé"/><wind value="10" unit="km/h" dir="SE" symbol="4" symbolB="28"/><wind-gusts value="18" unit="km/h"/><rain value="0" unit="mm"/><humidity value="81"/><pressure value="1025" unit="mb"/><clouds value="0%"/><snowline value="2600" unit="m"/><windchill value="-3" unit="°C"/><uv_index value="0"/></hour><hour value="09:00"><temp value="1" unit="°C"/><symbol value="1" desc="Ciel dégagé" value2="1" desc2="Ciel dégagé"/><wind value="11" unit="km/h" dir="SE" symbol="4" symbolB="36"/><wind-gusts value="20" unit="km/h"/><rain value="0" unit="mm"/><humidity value="77"/><pressure value="1025" unit="mb"/><clouds value="0%"/><snowline value="2600" unit="m"/><windchill value="-2" unit="°C"/><uv_index value="0"/></hour><hour value="10:00"><temp value="2" unit="°C"/><symbol value="1" desc="Ciel dégagé" value2="1" desc2="Ciel dégagé"/><wind value="11" unit="km/h" dir="SE" symbol="12" symbolB="36"/><wind-gusts value="21" unit="km/h"/><rain value="0" unit="mm"/><humidity value="74"/><pressure value="1025" unit="mb"/><clouds value="0%"/><snowline value="2600" unit="m"/><windchill value="-1" unit="°C"/><uv_index value="0"/></hour><hour value="11:00"><temp value="4" unit="°C"/><symbol value="1" desc="Ciel dégagé" value2="1" desc2="Ciel dégagé"/><wind value="11" unit="km/h" dir="SE" symbol="12" symbolB="36"/><wind-gusts value="23" unit="km/h"/><rain value="0" unit="mm"/><humidity value="72"/><pressure value="1024" unit="mb"/><clouds value="0%"/><snowline value="2600" unit="m"/><windchill value="1" unit="°C"/><uv_index value="1"/></hour><hour value="12:00"><temp value="6" unit="°C"/><symbol value="1" desc="Ciel dégagé" value2="1" desc2="Ciel dégagé"/><wind value="11" unit="km/h" dir="SE" symbol="12" symbolB="36"/><wind-gusts value="24" unit="km/h"/><rain value="0" unit="mm"/><humidity value="69"/><pressure value="1024" unit="mb"/><clouds value="0%"/><snowline value="2600" unit="m"/><windchill value="4" unit="°C"/><uv_index value="1"/></hour><hour value="13:00"><temp value="8" unit="°C"/><symbol value="1" desc="Ciel dégagé" value2="1" desc2="Ciel dégagé"/><wind value="11" unit="km/h" dir="SE" symbol="12" symbolB="36"/><wind-gusts value="25" unit="km/h"/><rain value="0" unit="mm"/><humidity value="67"/><pressure value="1023" unit="mb"/><clouds value="0%"/><snowline value="2600" unit="m"/><windchill value="6" unit="°C"/><uv_index value="1"/></hour><hour value="14:00"><temp value="9" unit="°C"/><symbol value="1" desc="Ciel dégagé" value2="1" desc2="Ciel dégagé"/><wind value="12" unit="km/h" dir="SE" symbol="12" symbolB="36"/><wind-gusts value="26" unit="km/h"/><rain value="0" unit="mm"/><humidity value="66"/><pressure value="1023" unit="mb"/><clouds value="2%"/><snowline value="2700" unit="m"/><windchill value="8" unit="°C"/><uv_index value="1"/></hour><hour value="15:00"><temp value="10" unit="°C"/><symbol value="1" desc="Ciel dégagé" value2="1" desc2="Ciel dégagé"/><wind value="13" unit="km/h" dir="SE" symbol="12" symbolB="36"/><wind-gusts value="26" unit="km/h"/><rain value="0" unit="mm"/><humidity value="64"/><pressure value="1022" unit="mb"/><clouds value="5%"/><snowline value="2700" unit="m"/><windchill value="10" unit="°C"/><uv_index value="1"/></hour><hour value="16:00"><temp value="10" unit="°C"/><symbol value="1" desc="Ciel dégagé" value2="1" desc2="Ciel dégagé"/><wind value="13" unit="km/h" dir="SE" symbol="12" symbolB="36"/><wind-gusts value="26" unit="km/h"/><rain value="0" unit="mm"/><humidity value="65"/><pressure value="1021" unit="mb"/><clouds value="7%"/><snowline value="2700" unit="m"/><windchill value="10" unit="°C"/><uv_index value="0"/></hour><hour value="17:00"><temp value="9" unit="°C"/><symbol value="2" desc="Intervalles nuageux" value2="2" desc2="Intervalles nuageux"/><wind value="13" unit="km/h" dir="SE" symbol="12" symbolB="36"/><wind-gusts value="25" unit="km/h"/><rain value="0" unit="mm"/><humidity value="70"/><pressure value="1021" unit="mb"/><clouds value="23%"/><snowline value="2700" unit="m"/><windchill value="8" unit="°C"/><uv_index value="0"/></hour><hour value="18:00"><temp value="8" unit="°C"/><symbol value="2" desc="Intervalles nuageux" value2="2" desc2="Intervalles nuageux"/><wind value="12" unit="km/h" dir="SE" symbol="12" symbolB="36"/><wind-gusts value="25" unit="km/h"/><rain value="0" unit="mm"/><humidity value="78"/><pressure value="1021" unit="mb"/><clouds value="42%"/><snowline value="2700" unit="m"/><windchill value="6" unit="°C"/><uv_index value="0"/></hour><hour value="19:00"><temp value="6" unit="°C"/><symbol value="3" desc="Ciel nuageux" value2="3" desc2="Ciel nuageux"/><wind value="11" unit="km/h" dir="S" symbol="13" symbolB="37"/><wind-gusts value="25" unit="km/h"/><rain value="0" unit="mm"/><humidity value="85"/><pressure value="1021" unit="mb"/><clouds value="64%"/><snowline value="2600" unit="m"/><windchill value="4" unit="°C"/><uv_index value="0"/></hour><hour value="20:00"><temp value="6" unit="°C"/><symbol value="3" desc="Ciel nuageux" value2="3" desc2="Ciel nuageux"/><wind value="11" unit="km/h" dir="S" symbol="13" symbolB="37"/><wind-gusts value="24" unit="km/h"/><rain value="0" unit="mm"/><humidity value="86"/><pressure value="1021" unit="mb"/><clouds value="78%"/><snowline value="2600" unit="m"/><windchill value="4" unit="°C"/><uv_index value="0"/></hour><hour value="21:00"><temp value="6" unit="°C"/><symbol value="3" desc="Ciel nuageux" value2="3" desc2="Ciel nuageux"/><wind value="12" unit="km/h" dir="S" symbol="13" symbolB="37"/><wind-gusts value="23" unit="km/h"/><rain value="0" unit="mm"/><humidity value="84"/><pressure value="1021" unit="mb"/><clouds value="89%"/><snowline value="2600" unit="m"/><windchill value="4" unit="°C"/><uv_index value="0"/></hour><hour value="22:00"><temp value="7" unit="°C"/><symbol value="4" desc="Ciel couvert" value2="4" desc2="Ciel couvert"/><wind value="13" unit="km/h" dir="S" symbol="13" symbolB="37"/><wind-gusts value="22" unit="km/h"/><rain value="0" unit="mm"/><humidity value="83"/><pressure value="1021" unit="mb"/><clouds value="99%"/><snowline value="2600" unit="m"/><windchill value="5" unit="°C"/><uv_index value="0"/></hour><hour value="23:00"><temp value="7" unit="°C"/><symbol value="4" desc="Ciel couvert" value2="4" desc2="Ciel couvert"/><wind value="13" unit="km/h" dir="S" symbol="13" symbolB="37"/><wind-gusts value="22" unit="km/h"/><rain value="0" unit="mm"/><humidity value="84"/><pressure value="1021" unit="mb"/><clouds value="97%"/><snowline value="2600" unit="m"/><windchill value="5" unit="°C"/><uv_index value="0"/></hour><hour value="24:00"><temp value="8" unit="°C"/><symbol value="3" desc="Ciel nuageux" value2="3" desc2="Ciel nuageux"/><wind value="13" unit="km/h" dir="S" symbol="13" symbolB="37"/><wind-gusts value="23" unit="km/h"/><rain value="0" unit="mm"/><humidity value="85"/><pressure value="1021" unit="mb"/><clouds value="95%"/><snowline value="2600" unit="m"/><windchill value="6" unit="°C"/><uv_index value="0"/></hour></day><day value="20200208" name="Samedi"><symbol value="6" desc="Ciel nuageux avec pluies faibles" value2="6" desc2="Ciel nuageux avec pluies faibles"/><tempmin value="6" unit="°C"/><tempmax value="10" unit="°C"/><wind value="17" unit="km/h" symbol="13" symbolB="45"/><wind-gusts value="33" unit="km/h"/><rain value="0.9" unit="mm"/><humidity value="90"/><pressure value="1021" unit="mb"/><snowline value="1600" unit="m"/><uv_index_max value="1"/><sun in="08:11" mid="13:04" out="17:57"/><moon in="16:52" out="07:55" lumi="98.91%" desc="Pleine Lune, 98.91% Éclairée" symbol="13"/><local_info local_time="10:24" offset="1"/><hour value="01:00"><temp value="8" unit="°C"/><symbol value="3" desc="Ciel nuageux" value2="3" desc2="Ciel nuageux"/><wind value="13" unit="km/h" dir="S" symbol="13" symbolB="37"/><wind-gusts value="23" unit="km/h"/><rain value="0" unit="mm"/><humidity value="87"/><pressure value="1021" unit="mb"/><clouds value="93%"/><snowline value="2500" unit="m"/><windchill value="6" unit="°C"/><uv_index value="0"/></hour><hour value="04:00"><temp value="7" unit="°C"/><symbol value="2" desc="Intervalles nuageux" value2="2" desc2="Intervalles nuageux"/><wind value="13" unit="km/h" dir="S" symbol="13" symbolB="37"/><wind-gusts value="23" unit="km/h"/><rain value="0" unit="mm"/><humidity value="93"/><pressure value="1020" unit="mb"/><clouds value="37%"/><snowline value="2000" unit="m"/><windchill value="5" unit="°C"/><uv_index value="0"/></hour><hour value="07:00"><temp value="7" unit="°C"/><symbol value="2" desc="Intervalles nuageux" value2="2" desc2="Intervalles nuageux"/><wind value="15" unit="km/h" dir="S" symbol="13" symbolB="37"/><wind-gusts value="26" unit="km/h"/><rain value="0" unit="mm"/><humidity value="93"/><pressure value="1021" unit="mb"/><clouds value="30%"/><snowline value="2000" unit="m"/><windchill value="4" unit="°C"/><uv_index value="0"/></hour><hour value="10:00"><temp value="8" unit="°C"/><symbol value="3" desc="Ciel nuageux" value2="3" desc2="Ciel nuageux"/><wind value="17" unit="km/h" dir="S" symbol="13" symbolB="45"/><wind-gusts value="30" unit="km/h"/><rain value="0" unit="mm"/><humidity value="87"/><pressure value="1021" unit="mb"/><clouds value="66%"/><snowline value="1900" unit="m"/><windchill value="5" unit="°C"/><uv_index value="0"/></hour><hour value="13:00"><temp value="9" unit="°C"/><symbol value="7" desc="Ciel couvert avec pluies faibles" value2="7" desc2="Ciel couvert avec pluies faibles"/><wind value="15" unit="km/h" dir="S" symbol="13" symbolB="45"/><wind-gusts value="33" unit="km/h"/><rain value="0.2" unit="mm"/><humidity value="85"/><pressure value="1021" unit="mb"/><clouds value="100%"/><snowline value="1700" unit="m"/><windchill value="7" unit="°C"/><uv_index value="1"/></hour><hour value="16:00"><temp value="9" unit="°C"/><symbol value="7" desc="Ciel couvert avec pluies faibles" value2="7" desc2="Ciel couvert avec pluies faibles"/><wind value="15" unit="km/h" dir="S" symbol="13" symbolB="45"/><wind-gusts value="29" unit="km/h"/><rain value="0.7" unit="mm"/><humidity value="90"/><pressure value="1020" unit="mb"/><clouds value="100%"/><snowline value="1800" unit="m"/><windchill value="7" unit="°C"/><uv_index value="0"/></hour><hour value="19:00"><temp value="9" unit="°C"/><symbol value="3" desc="Ciel nuageux" value2="3" desc2="Ciel nuageux"/><wind value="15" unit="km/h" dir="S" symbol="13" symbolB="37"/><wind-gusts value="27" unit="km/h"/><rain value="0" unit="mm"/><humidity value="94"/><pressure value="1021" unit="mb"/><clouds value="91%"/><snowline value="1600" unit="m"/><windchill value="7" unit="°C"/><uv_index value="0"/></hour><hour value="22:00"><temp value="8" unit="°C"/><symbol value="4" desc="Ciel couvert" value2="4" desc2="Ciel couvert"/><wind value="16" unit="km/h" dir="S" symbol="13" symbolB="45"/><wind-gusts value="30" unit="km/h"/><rain value="0" unit="mm"/><humidity value="96"/><pressure value="1020" unit="mb"/><clouds value="98%"/><snowline value="1600" unit="m"/><windchill value="6" unit="°C"/><uv_index value="0"/></hour></day><day value="20200209" name="Dimanche"><symbol value="7" desc="Ciel couvert avec pluies faibles" value2="7" desc2="Ciel couvert avec pluies faibles"/><tempmin value="8" unit="°C"/><tempmax value="13" unit="°C"/><wind value="45" unit="km/h" symbol="30" symbolB="94"/><wind-gusts value="105" unit="km/h"/><rain value="3.5" unit="mm"/><humidity value="84"/><pressure value="1012" unit="mb"/><snowline value="2100" unit="m"/><uv_index_max value="1"/><sun in="08:09" mid="13:04" out="17:59"/><moon in="18:12" out="08:35" lumi="99.87%" desc="Pleine Lune, 99.87% Éclairée" symbol="14"/><local_info local_time="10:24" offset="1"/><hour value="01:00"><temp value="9" unit="°C"/><symbol value="4" desc="Ciel couvert" value2="4" desc2="Ciel couvert"/><wind value="18" unit="km/h" dir="S" symbol="13" symbolB="45"/><wind-gusts value="32" unit="km/h"/><rain value="0" unit="mm"/><humidity value="94"/><pressure value="1019" unit="mb"/><clouds value="100%"/><snowline value="2200" unit="m"/><windchill value="6" unit="°C"/><uv_index value="0"/></hour><hour value="04:00"><temp value="8" unit="°C"/><symbol value="4" desc="Ciel couvert" value2="4" desc2="Ciel couvert"/><wind value="25" unit="km/h" dir="SW" symbol="14" symbolB="54"/><wind-gusts value="45" unit="km/h"/><rain value="0" unit="mm"/><humidity value="86"/><pressure value="1018" unit="mb"/><clouds value="98%"/><snowline value="2100" unit="m"/><windchill value="5" unit="°C"/><uv_index value="0"/></hour><hour value="07:00"><temp value="9" unit="°C"/><symbol value="7" desc="Ciel couvert avec pluies faibles" value2="7" desc2="Ciel couvert avec pluies faibles"/><wind value="33" unit="km/h" dir="SW" symbol="22" symbolB="62"/><wind-gusts value="59" unit="km/h"/><rain value="0.5" unit="mm"/><humidity value="86"/><pressure value="1015" unit="mb"/><clouds value="99%"/><snowline value="2200" unit="m"/><windchill value="5" unit="°C"/><uv_index value="0"/></hour><hour value="10:00"><temp value="10" unit="°C"/><symbol value="7" desc="Ciel couvert avec pluies faibles" value2="7" desc2="Ciel couvert avec pluies faibles"/><wind value="35" unit="km/h" dir="SW" symbol="22" symbolB="70"/><wind-gusts value="62" unit="km/h"/><rain value="0.7" unit="mm"/><humidity value="85"/><pressure value="1014" unit="mb"/><clouds value="99%"/><snowline value="2500" unit="m"/><windchill value="6" unit="°C"/><uv_index value="0"/></hour><hour value="13:00"><temp value="11" unit="°C"/><symbol value="7" desc="Ciel couvert avec pluies faibles" value2="7" desc2="Ciel couvert avec pluies faibles"/><wind value="38" unit="km/h" dir="SW" symbol="22" symbolB="70"/><wind-gusts value="67" unit="km/h"/><rain value="0.3" unit="mm"/><humidity value="80"/><pressure value="1012" unit="mb"/><clouds value="100%"/><snowline value="2800" unit="m"/><windchill value="11" unit="°C"/><uv_index value="1"/></hour><hour value="16:00"><temp value="12" unit="°C"/><symbol value="7" desc="Ciel couvert avec pluies faibles" value2="7" desc2="Ciel couvert avec pluies faibles"/><wind value="41" unit="km/h" dir="SW" symbol="22" symbolB="78"/><wind-gusts value="79" unit="km/h"/><rain value="0.3" unit="mm"/><humidity value="81"/><pressure value="1008" unit="mb"/><clouds value="100%"/><snowline value="3000" unit="m"/><windchill value="12" unit="°C"/><uv_index value="0"/></hour><hour value="19:00"><temp value="13" unit="°C"/><symbol value="7" desc="Ciel couvert avec pluies faibles" value2="7" desc2="Ciel couvert avec pluies faibles"/><wind value="45" unit="km/h" dir="SW" symbol="22" symbolB="78"/><wind-gusts value="80" unit="km/h"/><rain value="0.4" unit="mm"/><humidity value="83"/><pressure value="1005" unit="mb"/><clouds value="100%"/><snowline value="3100" unit="m"/><windchill value="13" unit="°C"/><uv_index value="0"/></hour><hour value="22:00"><temp value="13" unit="°C"/><symbol value="7" desc="Ciel couvert avec pluies faibles" value2="7" desc2="Ciel couvert avec pluies faibles"/><wind value="44" unit="km/h" dir="SW" symbol="30" symbolB="94"/><wind-gusts value="105" unit="km/h"/><rain value="1.3" unit="mm"/><humidity value="85"/><pressure value="1004" unit="mb"/><clouds value="100%"/><snowline value="2700" unit="m"/><windchill value="13" unit="°C"/><uv_index value="0"/></hour></day><day value="20200210" name="Lundi"><symbol value="6" desc="Ciel nuageux avec pluies faibles" value2="6" desc2="Ciel nuageux avec pluies faibles"/><tempmin value="8" unit="°C"/><tempmax value="14" unit="°C"/><wind value="37" unit="km/h" symbol="23" symbolB="87"/><wind-gusts value="91" unit="km/h"/><rain value="5.3" unit="mm"/><humidity value="70"/><pressure value="1012" unit="mb"/><snowline value="1100" unit="m"/><uv_index_max value="1"/><sun in="08:08" mid="13:04" out="18:01"/><moon in="19:35" out="09:09" lumi="97.95%" desc="Pleine Lune, 97.95% Éclairée" symbol="15"/><local_info local_time="10:24" offset="1"/><hour value="01:00"><temp value="13" unit="°C"/><symbol value="6" desc="Ciel nuageux avec pluies faibles" value2="6" desc2="Ciel nuageux avec pluies faibles"/><wind value="31" unit="km/h" dir="W" symbol="23" symbolB="87"/><wind-gusts value="91" unit="km/h"/><rain value="1.8" unit="mm"/><humidity value="88"/><pressure value="1004" unit="mb"/><clouds value="95%"/><snowline value="2100" unit="m"/><windchill value="13" unit="°C"/><uv_index value="0"/></hour><hour value="04:00"><temp value="11" unit="°C"/><symbol value="6" desc="Ciel nuageux avec pluies faibles" value2="6" desc2="Ciel nuageux avec pluies faibles"/><wind value="35" unit="km/h" dir="W" symbol="23" symbolB="87"/><wind-gusts value="89" unit="km/h"/><rain value="1.5" unit="mm"/><humidity value="84"/><pressure value="1006" unit="mb"/><clouds value="61%"/><snowline value="1600" unit="m"/><windchill value="11" unit="°C"/><uv_index value="0"/></hour><hour value="07:00"><temp value="9" unit="°C"/><symbol value="6" desc="Ciel nuageux avec pluies faibles" value2="6" desc2="Ciel nuageux avec pluies faibles"/><wind value="37" unit="km/h" dir="W" symbol="23" symbolB="79"/><wind-gusts value="83" unit="km/h"/><rain value="0.8" unit="mm"/><humidity value="81"/><pressure value="1009" unit="mb"/><clouds value="75%"/><snowline value="1300" unit="m"/><windchill value="5" unit="°C"/><uv_index value="0"/></hour><hour value="10:00"><temp value="9" unit="°C"/><symbol value="2" desc="Intervalles nuageux" value2="2" desc2="Intervalles nuageux"/><wind value="33" unit="km/h" dir="W" symbol="23" symbolB="71"/><wind-gusts value="65" unit="km/h"/><rain value="0" unit="mm"/><humidity value="69"/><pressure value="1013" unit="mb"/><clouds value="29%"/><snowline value="1100" unit="m"/><windchill value="5" unit="°C"/><uv_index value="0"/></hour><hour value="13:00"><temp value="11" unit="°C"/><symbol value="2" desc="Intervalles nuageux" value2="2" desc2="Intervalles nuageux"/><wind value="36" unit="km/h" dir="W" symbol="23" symbolB="71"/><wind-gusts value="73" unit="km/h"/><rain value="0" unit="mm"/><humidity value="53"/><pressure value="1016" unit="mb"/><clouds value="27%"/><snowline value="1200" unit="m"/><windchill value="11" unit="°C"/><uv_index value="1"/></hour><hour value="16:00"><temp value="10" unit="°C"/><symbol value="6" desc="Ciel nuageux avec pluies faibles" value2="6" desc2="Ciel nuageux avec pluies faibles"/><wind value="25" unit="km/h" dir="W" symbol="23" symbolB="71"/><wind-gusts value="65" unit="km/h"/><rain value="0.3" unit="mm"/><humidity value="61"/><pressure value="1016" unit="mb"/><clouds value="69%"/><snowline value="1200" unit="m"/><windchill value="10" unit="°C"/><uv_index value="0"/></hour><hour value="19:00"><temp value="10" unit="°C"/><symbol value="7" desc="Ciel couvert avec pluies faibles" value2="7" desc2="Ciel couvert avec pluies faibles"/><wind value="29" unit="km/h" dir="W" symbol="23" symbolB="63"/><wind-gusts value="56" unit="km/h"/><rain value="0.3" unit="mm"/><humidity value="59"/><pressure value="1016" unit="mb"/><clouds value="100%"/><snowline value="1200" unit="m"/><windchill value="7" unit="°C"/><uv_index value="0"/></hour><hour value="22:00"><temp value="9" unit="°C"/><symbol value="6" desc="Ciel nuageux avec pluies faibles" value2="6" desc2="Ciel nuageux avec pluies faibles"/><wind value="28" unit="km/h" dir="W" symbol="23" symbolB="63"/><wind-gusts value="51" unit="km/h"/><rain value="0.6" unit="mm"/><humidity value="79"/><pressure value="1016" unit="mb"/><clouds value="74%"/><snowline value="1300" unit="m"/><windchill value="5" unit="°C"/><uv_index value="0"/></hour></day></location></report>