﻿<?xml version="1.0" encoding="utf-8"?>
<DEVICE>
  <MSSQL>
    <RONDE_INS>INSERT INTO ZCL30_TAG_TMP (BASE, PORTATIF, TAG, DATEHEURE) VALUES (':BASE', ':PORTATIF', ':CODE_VAL',':DATEHEURE')</RONDE_INS>
    <EVT_INS>INSERT INTO ZCL30_EVT (BASE, PORTATIF, CODE_EVT, DATEHEURE) VALUES (':BASE', ':PORTATIF', ':CODE_VAL',':DATEHEURE')</EVT_INS>
    <PERIF_SEL>SELECT NOM, TYPE_PORT, BIT_SECONDE, BIT_DONNEE, PARITE, BIT_ARRET, CONTROLE_FLUX, T.LIBELLE,PORT FROM PERIPHERIQUE P, PERIPHERIQUE_TRAITEMENT T, PERIPHERIQUE_POSTE PP WHERE PP.PERIPHERIQUEID = P.PERIPHERIQUEID AND P.PERIPHERIQUE_TRAITEMENTID = T.PERIPHERIQUE_TRAITEMENTID AND UPPER(NOM_POSTE)=UPPER(':MACHINE') AND P.PERIPHERIQUE_TRAITEMENTID = '-6'</PERIF_SEL>
  </MSSQL>
  <ORACLE>
    <RONDE_INS>INSERT INTO ZCL30_TAG_TMP (ZCL30_TAG_TMPID, BASE, PORTATIF, TAG, DATEHEURE) VALUES (SEQ_ZCL30_TAG_TMP.nextval, ':BASE', ':PORTATIF', ':CODE_VAL',TO_DATE(':DATEHEURE','DD/MM/YYYY HH24:MI:SS'))</RONDE_INS>
    <EVT_INS>INSERT INTO ZCL30_EVT (ZCL30_EVTID, BASE, PORTATIF, CODE_EVT, DATEHEURE) VALUES (SEQ_ZCL30_EVT.nextval, ':BASE', ':PORTATIF', ':CODE_VAL',TO_DATE(':DATEHEURE','DD/MM/YYYY HH24:MI:SS'))</EVT_INS>
    <PERIF_SEL>SELECT NOM, TYPE_PORT, BIT_SECONDE, BIT_DONNEE, PARITE, BIT_ARRET, CONTROLE_FLUX, T.LIBELLE,PORT FROM PERIPHERIQUE P, PERIPHERIQUE_TRAITEMENT T, PERIPHERIQUE_POSTE PP WHERE PP.PERIPHERIQUEID = P.PERIPHERIQUEID AND P.PERIPHERIQUE_TRAITEMENTID = T.PERIPHERIQUE_TRAITEMENTID AND UPPER(NOM_POSTE)=UPPER(':MACHINE') AND P.PERIPHERIQUE_TRAITEMENTID = '-6'</PERIF_SEL>
  </ORACLE>
</DEVICE>
