<?xml version="1.0" encoding="ISO-8859-1"?>
<tables>
	<table name="BATIMENT" id="BATIMENTID" typeid="VARCHAR">
		<champnonacc>SITEID,LIBELLE,ADRESSE</champnonacc>
		<valeurpardefaut/>
		<champctrl/>
		<link/>
	</table>
	<table name="SOCIETE" id="SOCIETEID" typeid="varchar">
		<champnonacc>ISRESIDANT,NATUREID,NOM,DEPARTEMENT,ADRESSE2,CP,VILLE,PROVINCE,PAYS,TELEPHONE,FAX,EMAIL,WEB,SIRET</champnonacc>
		<valeurpardefaut>NATUREID=VPARDEFAUT	ISRESIDANT=0</valeurpardefaut>
		<champctrl>DEPARTEMENT</champctrl>
		<link/>
	</table>
	<table name="SALLE" id="CODESALLE" typeid="varchar">
		<champnonacc>PORTE_CLE,PORTE_OPTION,SITEID,BATIMENTID,LIBELLE,NOSALLE,TELEPHONE</champnonacc>
		<valeurpardefaut>SITEID=VPARDEFAUT	BATIMENTID=VPARDEFAUT</valeurpardefaut>
		<champctrl/>
		<link/>
	</table>
	<table name="DEPARTEMENT" id="DEPTID" typeid="varchar">
		<champnonacc>SOCIETEID,LIBELLE</champnonacc>
		<valeurpardefaut>SOCIETEID=VPARDEFAUT</valeurpardefaut>
		<champctrl/>
		<link/>
	</table>
	<table name="SERVICE" id="SERVICEID" typeid="varchar">
		<champnonacc>DEPTID,LIBELLE</champnonacc>
		<valeurpardefaut> 	DEPTID=VPARDEFAUT</valeurpardefaut>
		<champctrl/>
		<link/>
	</table>
	<table name="PAYS" id="PAYSID" typeid="varchar">
		<champnonacc>CODEISO2,CODEISO3,INDICATIF,SHORTLIB,DEVISE,DEVISELIBELLE,INTERDIT,DEBUTINTERDIT,FININTERDIT,ENQUETE1,STATUT1,ENQUETE2,STATUT2,ENQUETE3,STATUT3,LIBELLE,LIBELLEGR,LIBELLEUS,NATIONALITE,CODEISO1</champnonacc>
		<valeurpardefaut/>
		<champctrl/>
		<link/>
	</table>
	<table name="VILLE" id="CODEVILLE" typeid="varchar">
		<champnonacc>CODEPOSTAL,PHONKEY,VILLE,PAYSID</champnonacc>
		<valeurpardefaut>PAYSID=VPARDEFAUT</valeurpardefaut>
		<champctrl>CODEPOSTAL</champctrl>
		<link>LIBELLE,PAYSID,PAYS,PAYSID</link>
	</table>
	<table name="RESIDANTS" id="RESIDANTID" typeid="varchar">
		<champnonacc>SOCIETE,CIVILITE,NOMJEUNEFILLE,NOM,PRENOM,FONCTION,TELEPHONE,EMAIL,GSM,FAX,CANDIDATMAILING,MATRICULE,PERSOADRESSE,PERSOCP,PERSOVILLE,PERSOPROVINCE,PERSOPAYS,PERSOTELEPHONE,THEPASSWORD,THELOGIN,SITE,SERVICE,DEPARTEMENT,BATIMENT,ETAGE,BUREAU,REFIMPORTATION,CODEACCES,BOITEPOSTALE,USERTYPE</champnonacc>
		<valeurpardefaut>SITEID=VPARDEFAUT, SOCIETEID=VPARDEFAUT</valeurpardefaut>
		<champctrl>NOMPRENOM,MATRICULE,BADGE,EMAIL</champctrl>
		<link>SOCIETE,SOCIETEID,SOCIETE,SOCIETEID; CIVILITE,CODECIVILITE,CIVILITE,CODECIVILITE; BUREAU,BUREAUID,BUREAU,BUREAUID</link>
	</table>
	<table name="INTERLOCUTEUR" id="INTERLOCUTEURID" typeid="varchar">
		<champnonacc>PAYS,CIVILITE,SOCIETE,NOM,PRENOM,FONCTION,TELEPHONE,EMAIL,GSM,FAX,REFIMPORTATION,IMMATRICULATION,DEBUTINTERDIT,FININTERDIT,DATENAISSANCE,LIEUNAISSANCE,FINVALIDITEAUTO,DATEDERNVISITE,NOMJEUNEFILLE,ADRESSE,CODEPOSTAL,VILLE</champnonacc>
		<valeurpardefaut>SITEID=VPARDEFAUT, SOCIETEID=VPARDEFAUT</valeurpardefaut>
		<champctrl>NOMPRENOM,EMAIL,IMMATRICULATION</champctrl>
		<link>SOCIETE,SOCIETEID,SOCIETE,SOCIETEID;CIVILITE,CODECIVILITE,CIVILITE,CODECIVILITE;IDENTITES,IDENTITEID,IDENTITES,IDENTITEID;</link>
	</table>
	<table name="VISITES" id="VISITEID" typeid="varchar">
		<champnonacc>ISTATUT,VIP,CLE,PROFIL_CTRL_ID,ALERTE,LAST_ACTION,RES_OS,RES_FINAL,RES_MOTEUR1,RES_MOTEUR2,INFO,SIGNATURE_ENTREE,SIGNATURE_SORTIE,PROFIL_CTRL2,SOCIETEVISIT,DEBUTPREVU,FINPREVU,HDEBUTPREVU,HFINPREVU,NUMEROBADGE,NUMEROVISITE,DEBUTVISITE,FINVISITE,HDEBUT,HFIN,STATUTVISITE,BOITE,CASIER,OBJET,PIECE,NUMERO,VALIDITE,PARKING,IMMATRICULATION,OBSERVATION,LIEU,ORIGINEVISITE,MARQUE,MODELE,PREENREG,IFONCTION,IDATENAISSANCE,ILIEUNAISSANCE,IPAYS,INOMJEUNEFILLE,SOCIETERESID,TYPEVISITEID</champnonacc>
		<valeurpardefaut>SITEID=VPARDEFAUT</valeurpardefaut>
		<champctrl>NOMPRENOM,SOCIETE</champctrl>
		<link/>
	</table>
	<table name="STATUTVISITE" id="STATUTID" typeid="INT">
		<champnonacc/>
		<valeurpardefaut/>
		<champctrl/>
		<link/>
	</table>
	<table name = "IMPORT_ROI" id = "IMPORT_ROIID" typeid = "varchar">
		<champnonacc>MVT,SOURCE,ETAT,RAISON,IDENTIFIANT,QUALITECIVILITE,NOM,PRENOM,SOCIETE,UNITEMANAGERIALE,LABELUNITEMANAGERIALE,TYPEPOPULATION,TYPEPERSONNE,IESOCIETEPRESTATION,IEDEBUTMISSION,IEFINMISSION,MAIL,CODEFONCTION,FONCTION,SITE,
LIBELLESITE,BATIMENT,ETAGE,NUMEROBUREAU,RUE,CODEPOSTAL,VILLE,PAYS,TELEPHONE,TELEPHONEINTERNE,FAX,CODENATURECONTRATTRAVAIL,INDABSENCELONGUEDUREE,STATUTPERSONNE,CODEANTENNE,ANCIENSITE,ANCIENCODEANTENNE,THELOGIN,LIBELLESITE,REFIMPORT</champnonacc>
		<valeurpardefaut/>
		<champctrl>IDENTIFIANT</champctrl>
		<link></link>
	</table>
</tables>
