<?xml version="1.0" encoding="ISO-8859-1"?>
<configuration>
  <purge table="INTERLOCUTEUR" lblconf="INTsansvisites" paramType="">lib_sans_visites</purge>
  <purge table="INTERLOCUTEUR" lblconf="INTsansvisitesnbjours" paramType="int">lib_sans_visites_depuis_X_jours</purge>
  <purge table="INTERLOCUTEUR" lblconf="INTsansvisitesdate" paramType="date">lib_sans_visites_depuis_le</purge>
  <purge table="INTERLOCUTEUR" lblconf="INTsesvisites" paramType="[]">lib_ses_visites</purge>
  <purge table="INTERLOCUTEUR" lblconf="INTsescolis" paramType="[]">lib_ses_colis</purge>
  <purge table="INTERLOCUTEUR" lblconf="INTsesconsignesetmessages" paramType="[]">lib_ses_consignes_et_messages</purge>
  <purge table="INTERLOCUTEUR" lblconf="INTsescourstaxis" paramType="[]">lib_ses_courses_de_taxi</purge>
  <purge table="INTERLOCUTEUR &lt;br&gt; RESIDANTS" lblconf="INTnoninterdit" paramType="">lib_inclure_interdits</purge>
  <purge table="RESIDANTS" lblconf="RESnonactif" paramType="">lib_non_actifs</purge>
  <purge table="RESIDANTS" lblconf="RESsesvisites" paramType="[]">lib_ses_visites</purge>
  <purge table="RESIDANTS" lblconf="RESnonmajnbjours" paramType="int">lib_non_mis_a_jour_depuis_x_jours</purge>
  <purge table="RESIDANTS" lblconf="RESnonmajdate" paramType="date">lib_non_mis_a_jour_depuis_le</purge>
  <purge table="VISITES" lblconf="VISdatantdeplusnbjour" paramType="int">lib_datant_depuis_plus_de_x_jours</purge>
  <purge table="VISITES" lblconf="VISanterieurdate" paramType="date">lib_anterieure_au</purge>
  <purge table="SOCIETE" lblconf="SOCnonutilise" paramType="">lib_non_utilisee</purge>
  <purge table="CONSIGNE" lblconf="CONsupmessageslus" paramType="">lib_les_messages_lus</purge>
  <purge table="COLIS" lblconf="COLcolis" paramType="">lib_les_colis</purge>
  <purge table="TACHE_LOG" lblconf="TALpurge" paramType="">lib_le_journal_des_taches</purge>
  <purge table="TACHE" lblconf="TACexecuteouinactive" paramType="">lib_les_taches_non_actives_ou_executees</purge>
  <purge table="TACHE" lblconf="TACsesconfigs" paramType="[]">lib_ses_configurations_import_purge_etc</purge>
  <purge table="MAIL" lblconf="MAIenvoye" paramType="">lib_les_mails_envoyes</purge>
  <purge table="AGENDA_JOUR2" lblconf="AJ2termine" paramType="">lib_les_missions_terminees</purge>
  <purge table="LGRESERVATION" lblconf="LGRtermineedepuisnbjours" paramType="int">lib_les_reservations_terminees_depuis_x_jours</purge>
  <purge table="LGRESERVATION" lblconf="LGRtermineedepuisdate" paramType="date">lib_les_reservations_terminees_avant_le</purge>
</configuration>