﻿<?xml version="1.0" encoding="utf-8"?>
<WIFI>
	<ZCL37PARAM>
		<AUTOVALIDATIONCERT>1</AUTOVALIDATIONCERT>
	</ZCL37PARAM>
	<REQUETES>
		<ALL>
			<INFO_CONN>SELECT WIFI_PRESENT,WIFI_LIB,WIFI_HOST,WIFI_LOGIN,WIFI_PWD,WIFI_GRP,WIFI_HFIN FROM SITE WHERE SITEID=':SITEID'</INFO_CONN>
			<INFO_VISITE_MSSQL>SELECT CONVERT(CHAR(10),DEBUTVISITE,120),CONVERT(CHAR(10),FINVISITE,120) FROM VISITES WHERE VISITEID=':VISITEID'</INFO_VISITE_MSSQL>
			<INFO_VISITE_ORACLE>SELECT DEBUTVISITE,FINVISITE FROM VISITES WHERE VISITEID=':VISITEID'</INFO_VISITE_ORACLE>
		</ALL>
		<ZCL22>
            <URI>https://#HOST/bgm/api/account/?key=#KEY</URI>
            <STR>&lt;?xml version='1.0'?&gt;&lt;account&gt;&lt;firstname&gt;#PRENOM&lt;/firstname&gt;&lt;lastname&gt;#NOM&lt;/lastname&gt;&lt;company&gt;#SOCIETE&lt;/company&gt;&lt;begindate&gt;#DEBUT&lt;/begindate&gt;&lt;enddate&gt;#FIN&lt;/enddate&gt;&lt;comments&gt;#ID&lt;/comments&gt;&lt;bga&gt;#BGA&lt;/bga&gt;&lt;/account&gt;</STR>
		</ZCL22>
		<ZCL37>
			<TESTUSER>http://platon:85/accueil/test.html?deleg_id=deleg&amp;deleg_pwd=deleg&amp;action=testuser&amp;user_id=jdupond</TESTUSER>
			<ADDUSER>http://platon:85/telemaque/frame.asp</ADDUSER>
		</ZCL37>
		<ZCL37A>
			<TESTUSER>https://:HOST/deleg/api_admin_deleg.php?deleg_id=:DELEG_ID&amp;deleg_pwd=:DELEG_PWD&amp;action=testuser&amp;user_id=:USER_ID</TESTUSER>
			<ADDUSER>https://:HOST/deleg/api_admin_deleg.php?deleg_id=:DELEG_ID&amp;deleg_pwd=:DELEG_PWD&amp;action=adduser&amp;user_id=:USER_ID&amp;user_pwd=:USER_PWD&amp;user_grp=:USER_GRP&amp;user_firstname=:USER_FIRSTNAME&amp;user_lastname=:USER_LASTNAME&amp;user_start=:USER_START&amp;user_end=:USER_END&amp;user_field1=:USER_FIELD1</ADDUSER>
			<ADDUSERPLUS>https://:HOST/deleg/api_admin_deleg.php?deleg_id=:DELEG_ID&amp;deleg_pwd=:DELEG_PWD&amp;action=adduser&amp;user_id=:USER_ID&amp;user_pwd=:USER_PWD&amp;user_grp=:USER_GRP&amp;user_firstname=:USER_FIRSTNAME&amp;user_lastname=:USER_LASTNAME&amp;user_start=:USER_START&amp;user_end=:USER_END&amp;user_field1=:USER_FIELD1&amp;user_field2=#USER_FIELD2&amp;user_field3=#USER_FIELD3</ADDUSERPLUS>
		</ZCL37A>		
	</REQUETES>
</WIFI>
