﻿<?xml version="1.0" encoding="utf-8"?>
<WSCTRLTACHE>
  <alwaysSend>true</alwaysSend>
  <sqlwhereAlwaysSend>ACTIF NOT IN ('0','-2','-1')</sqlwhereAlwaysSend>
  <orclwhereAlwaysSend>ACTIF NOT IN ('0','-2','-1')</orclwhereAlwaysSend>
  <positifMessage>RAS</positifMessage>
  <negatifMessage>PAS RAS</negatifMessage>
  <defaultSubject>CONTROLE DES TACHES SAFEWARE GROUPE DESTINATAIRE :</defaultSubject>
  <prefixInBody>
    Rapport sur les tâches planifiées :
  </prefixInBody>
  <addInmalingList></addInmalingList>
  <sqlwhereTasks> dernierresultat='0' and ACTIF NOT IN ('0','-2','-1') OR (ACTIF NOT IN ('0','-1','-2') AND PROCHAINEEXECUTION  &lt; CURRENT_TIMESTAMP)</sqlwhereTasks>
  <orclwhereTasks> dernierresultat='0' and ACTIF NOT IN ('0','-2','-1') OR (ACTIF NOT IN ('0','-1','-2') AND PROCHAINEEXECUTION &lt; SYSDATE)</orclwhereTasks>
</WSCTRLTACHE>