﻿<?xml version="1.0" encoding="utf-8" ?>
<configuration>
  <configSections>
  </configSections>
  <appSettings>
    <add key="Smtp" value="smtp.gmail.com" />
    <add key="Port" value="587" />
    <add key="AdminFrom" value="youssef.gaanoun@safeware.fr" />
    <add key="Login" value="youssef.gaanoun@safeware.fr" />
    <add key="Password" value="eba7sb" />
    <add key="SSL" value="True" />
    <add key="IsBodyHtml" value="True" />
    <add key="Zyna" value="False" />
    <add key="Acknowledge" value="False" />
    <add key="Icalendar" value="True" />
  </appSettings>
</configuration>