﻿<?xml version="1.0" encoding="utf-8"?>
<WSEXPORT>
  <MSSQL>
    <VISITE_TOP0>SELECT TOP 0 * FROM VISITES</VISITE_TOP0>
    <VISITE_FIELD>SELECT * FROM VISITES WHERE STATUTID IN (:STATUTID) AND SITEID=':SITEID'</VISITE_FIELD>
    <VISITE_CHECK01>SELECT SITE.LIBELLE AS SITE,NUMEROVISITE,NOMPRENOMVISIT AS VISI_NOMPRENOM,SOCIETEVISIT AS VISI_SOCIETE, RTRIM(CONVERT(CHAR,DEBUTVISITE,103))+' '+ RTRIM(CONVERT(CHAR,HDEBUT,108)) AS DATEHEURE,'IN' AS 'CHECK',RTRIM(CONVERT(CHAR,DEBUTVISITE,102))+' '+ RTRIM(CONVERT(CHAR,HDEBUT,108)) AS 'O' FROM VISITES, SITE WHERE SITE.SITEID=VISITES.SITEID AND  STATUTID=8 AND (CONVERT(CHAR,DEBUTVISITE,102)=CONVERT(CHAR,GETDATE(),102) OR CONVERT(CHAR,FINVISITE,102)=CONVERT(CHAR,GETDATE(),102)) AND VISITES.SITEID=':SITEID' UNION SELECT SITE.LIBELLE AS SITE,NUMEROVISITE,NOMPRENOMVISIT AS VISI_NOMPRENOM,SOCIETEVISIT AS VISI_SOCIETE,RTRIM( CONVERT(CHAR,DEBUTVISITE,103))+' '+ RTRIM(CONVERT(CHAR,HDEBUT,108)) AS DATEHEURE,'IN' AS 'CHECK',RTRIM(CONVERT(CHAR,DEBUTVISITE,102))+' '+ RTRIM(CONVERT(CHAR,HDEBUT,108)) AS 'O' FROM VISITES, SITE WHERE SITE.SITEID=VISITES.SITEID AND STATUTID=16 AND (CONVERT(CHAR,DEBUTVISITE,102)=CONVERT(CHAR,GETDATE(),102) OR CONVERT(CHAR,FINVISITE,102)=CONVERT(CHAR,GETDATE(),102)) AND VISITES.SITEID=':SITEID' UNION SELECT SITE.LIBELLE AS SITE,NUMEROVISITE,NOMPRENOMVISIT AS VISI_NOMPRENOM,SOCIETEVISIT AS VISI_SOCIETE, RTRIM(CONVERT(CHAR,FINVISITE,103))+' '+ RTRIM(CONVERT(CHAR,HFIN,108)) AS DATEHEURE,'OUT' AS 'CHECK',RTRIM(CONVERT(CHAR,FINVISITE,102))+' '+ RTRIM(CONVERT(CHAR,HFIN,108)) AS 'O' FROM VISITES, SITE WHERE SITE.SITEID=VISITES.SITEID AND  STATUTID=16 AND (CONVERT(CHAR,DEBUTVISITE,102)=CONVERT(CHAR,GETDATE(),102) OR CONVERT(CHAR,FINVISITE,102)=CONVERT(CHAR,GETDATE(),102))  AND VISITES.SITEID=':SITEID' ORDER BY O</VISITE_CHECK01>
    <VISITE_CHECK02>SELECT SITE.LIBELLE AS SITE,NUMEROVISITE,NOMPRENOMVISIT AS VISI_NOMPRENOM,SOCIETEVISIT AS VISI_SOCIETE, RTRIM(CONVERT(CHAR,DEBUTVISITE,103))+' '+ RTRIM(CONVERT(CHAR,HDEBUT,108)) AS 'IN', RTRIM(CONVERT(CHAR,FINVISITE,103))+' '+ RTRIM(CONVERT(CHAR,HFIN,108)) AS 'OUT', 'IN' AS 'CHECK',RTRIM(CONVERT(CHAR,DEBUTVISITE,102))+' '+ RTRIM(CONVERT(CHAR,HDEBUT,108)) AS 'O' FROM VISITES, SITE WHERE SITE.SITEID=VISITES.SITEID AND STATUTID=8 AND (CONVERT(CHAR,DEBUTVISITE,102)=CONVERT(CHAR,GETDATE(),102) OR CONVERT(CHAR,FINVISITE,102)=CONVERT(CHAR,GETDATE(),102)) AND VISITES.SITEID=':SITEID' UNION SELECT SITE.LIBELLE AS SITE,NUMEROVISITE,NOMPRENOMVISIT AS VISI_NOMPRENOM,SOCIETEVISIT AS VISI_SOCIETE, RTRIM( CONVERT(CHAR,DEBUTVISITE,103))+' '+ RTRIM(CONVERT(CHAR,HDEBUT,108)) AS 'IN', RTRIM(CONVERT(CHAR,FINVISITE,103))+' '+ RTRIM(CONVERT(CHAR,HFIN,108)) AS 'OUT','OUT' AS 'CHECK',RTRIM(CONVERT(CHAR,DEBUTVISITE,102))+' '+ RTRIM(CONVERT(CHAR,HDEBUT,108)) AS 'O' FROM VISITES, SITE WHERE SITE.SITEID=VISITES.SITEID AND STATUTID=16 AND (CONVERT(CHAR,DEBUTVISITE,102)=CONVERT(CHAR,GETDATE(),102) OR CONVERT(CHAR,FINVISITE,102)=CONVERT(CHAR,GETDATE(),102)) AND VISITES.SITEID=':SITEID' ORDER BY O</VISITE_CHECK02>
  </MSSQL>
  <ORACLE>
    <VISITE_TOP0>SELECT * FROM VISITES ROWNUM=0</VISITE_TOP0>
    <VISITE_FIELD>SELECT * FROM VISITES WHERE STATUTID IN (:STATUTID) AND SITEID=':SITEID'</VISITE_FIELD>
    <VISITE_CHECK01>SELECT SITE.LIBELLE AS SITE,NUMEROVISITE,NOMPRENOMVISIT AS VISI_NOMPRENOM,SOCIETEVISIT AS VISI_SOCIETE, RTRIM(CONVERT(CHAR,DEBUTVISITE,103))+' '+ RTRIM(CONVERT(CHAR,HDEBUT,108)) AS DATEHEURE,'IN' AS 'CHECK',RTRIM(CONVERT(CHAR,DEBUTVISITE,102))+' '+ RTRIM(CONVERT(CHAR,HDEBUT,108)) AS 'O' FROM VISITES, SITE WHERE SITE.SITEID=VISITES.SITEID AND  STATUTID=8 AND (CONVERT(CHAR,DEBUTVISITE,102)=CONVERT(CHAR,GETDATE(),102) OR CONVERT(CHAR,FINVISITE,102)=CONVERT(CHAR,GETDATE(),102)) AND VISITES.SITEID=':SITEID' UNION SELECT SITE.LIBELLE AS SITE,NUMEROVISITE,NOMPRENOMVISIT AS VISI_NOMPRENOM,SOCIETEVISIT AS VISI_SOCIETE,RTRIM( CONVERT(CHAR,DEBUTVISITE,103))+' '+ RTRIM(CONVERT(CHAR,HDEBUT,108)) AS DATEHEURE,'IN' AS 'CHECK',RTRIM(CONVERT(CHAR,DEBUTVISITE,102))+' '+ RTRIM(CONVERT(CHAR,HDEBUT,108)) AS 'O' FROM VISITES, SITE WHERE SITE.SITEID=VISITES.SITEID AND STATUTID=16 AND (CONVERT(CHAR,DEBUTVISITE,102)=CONVERT(CHAR,GETDATE(),102) OR CONVERT(CHAR,FINVISITE,102)=CONVERT(CHAR,GETDATE(),102)) AND VISITES.SITEID=':SITEID' UNION SELECT SITE.LIBELLE AS SITE,NUMEROVISITE,NOMPRENOMVISIT AS VISI_NOMPRENOM,SOCIETEVISIT AS VISI_SOCIETE, RTRIM(CONVERT(CHAR,FINVISITE,103))+' '+ RTRIM(CONVERT(CHAR,HFIN,108)) AS DATEHEURE,'OUT' AS 'CHECK',RTRIM(CONVERT(CHAR,FINVISITE,102))+' '+ RTRIM(CONVERT(CHAR,HFIN,108)) AS 'O' FROM VISITES, SITE WHERE SITE.SITEID=VISITES.SITEID AND  STATUTID=16 AND (CONVERT(CHAR,DEBUTVISITE,102)=CONVERT(CHAR,GETDATE(),102) OR CONVERT(CHAR,FINVISITE,102)=CONVERT(CHAR,GETDATE(),102))  AND VISITES.SITEID=':SITEID' ORDER BY O</VISITE_CHECK01>
    <VISITE_CHECK02>SELECT SITE.LIBELLE AS SITE,NUMEROVISITE,NOMPRENOMVISIT AS VISI_NOMPRENOM,SOCIETEVISIT AS VISI_SOCIETE, RTRIM(CONVERT(CHAR,DEBUTVISITE,103))+' '+ RTRIM(CONVERT(CHAR,HDEBUT,108)) AS 'IN', RTRIM(CONVERT(CHAR,FINVISITE,103))+' '+ RTRIM(CONVERT(CHAR,HFIN,108)) AS 'OUT', 'IN' AS 'CHECK',RTRIM(CONVERT(CHAR,DEBUTVISITE,102))+' '+ RTRIM(CONVERT(CHAR,HDEBUT,108)) AS 'O' FROM VISITES, SITE WHERE SITE.SITEID=VISITES.SITEID AND STATUTID=8 AND (CONVERT(CHAR,DEBUTVISITE,102)=CONVERT(CHAR,GETDATE(),102) OR CONVERT(CHAR,FINVISITE,102)=CONVERT(CHAR,GETDATE(),102)) AND VISITES.SITEID=':SITEID' UNION SELECT SITE.LIBELLE AS SITE,NUMEROVISITE,NOMPRENOMVISIT AS VISI_NOMPRENOM,SOCIETEVISIT AS VISI_SOCIETE, RTRIM( CONVERT(CHAR,DEBUTVISITE,103))+' '+ RTRIM(CONVERT(CHAR,HDEBUT,108)) AS 'IN', RTRIM(CONVERT(CHAR,FINVISITE,103))+' '+ RTRIM(CONVERT(CHAR,HFIN,108)) AS 'OUT','OUT' AS 'CHECK',RTRIM(CONVERT(CHAR,DEBUTVISITE,102))+' '+ RTRIM(CONVERT(CHAR,HDEBUT,108)) AS 'O' FROM VISITES, SITE WHERE SITE.SITEID=VISITES.SITEID AND STATUTID=16 AND (CONVERT(CHAR,DEBUTVISITE,102)=CONVERT(CHAR,GETDATE(),102) OR CONVERT(CHAR,FINVISITE,102)=CONVERT(CHAR,GETDATE(),102)) AND VISITES.SITEID=':SITEID' ORDER BY O</VISITE_CHECK02>
  </ORACLE>
</WSEXPORT>