﻿<?xml version="1.0" encoding="utf-8"?>
<WSINNES>
  <soapenv:Envelope xmlns:soapenv="http://schemas.xmlsoap.org/soap/envelope/" xmlns:urn="http://xmlsoap.org/soap/urn">
    <soapenv:Header/>
    <soapenv:Body>
      <urn:nomSalle>MOZART
        <urn:idResa>4564fdsfds54564fdsfdsgfd</urn:idResa>
        <urn:occupant>EDF</urn:occupant>
        <urn:objet>Réunion annuelle des cadres commerciaux de l'entreprise</urn:objet>
        <urn:startDate>2014-03-24 08:00:00</urn:startDate>
        <urn:endDate>2014-03-24 17:00:00</urn:endDate>
      </urn:nomSalle>

    </soapenv:Body>
  </soapenv:Envelope>
</WSINNES>