﻿<?xml version="1.0" encoding="utf-8"?>
<ZCL09>
  <SITE ID="0">
    <SQL>
      <USERNAME>6Y3dNvt0sxeZFL6UWpZ/PA==</USERNAME>
      <PASSWORD>/xiLW3L1WnA09pSwLnw3Mg==</PASSWORD>
      <SERVER>RDcQzm28h1vT7nZKmofChQ==</SERVER>
    </SQL>
    <PROFIL_PAR_DEFAUT>VISITEUR PERMANENT</PROFIL_PAR_DEFAUT>
    <FILTRE_PROFIL>
    </FILTRE_PROFIL>
    <FICHIER_ECHANGE>\\tolkien\Utilitaires\_Autres\_test\Import_Sipass.txt</FICHIER_ECHANGE>
    <REP_ECHANGE_LOCAL>D:\ZwNet\CTRL\WebServices\log\echanges_</REP_ECHANGE_LOCAL>
    <SEPARATEUR>;</SEPARATEUR>
    <AJOUT>M</AJOUT>
    <SUPPR>S</SUPPR>
    <AUTRES>visiteur</AUTRES>
    <TRANCHE_DEBUT>0</TRANCHE_DEBUT>
    <TRANCHE_FIN>100</TRANCHE_FIN>
    <ESPACE>
    </ESPACE>
    <URL_REMOTE>
    </URL_REMOTE>
	<URL_APIHR></URL_APIHR>
  </SITE>
  <SITE ID="2l9lCxppl06">
    <SQL>
      <USERNAME>6Y3dNvt0sxeZFL6UWpZ/PA==</USERNAME>
      <PASSWORD>/xiLW3L1WnA09pSwLnw3Mg==</PASSWORD>
      <SERVER>RDcQzm28h1vT7nZKmofChQ==</SERVER>
    </SQL>
    <PROFIL_PAR_DEFAUT>VISITEUR PERMANENT</PROFIL_PAR_DEFAUT>
    <FILTRE_PROFIL>
    </FILTRE_PROFIL>
    <FICHIER_ECHANGE>\\tolkien\Utilitaires\_Autres\_test\Import_Sipass.txt</FICHIER_ECHANGE>
    <REP_ECHANGE_LOCAL>D:\ZwNet\CTRL\WebServices\log\echanges_</REP_ECHANGE_LOCAL>
    <SEPARATEUR>;</SEPARATEUR>
    <AJOUT>M</AJOUT>
    <SUPPR>S</SUPPR>
    <AUTRES>visiteur</AUTRES>
    <TRANCHE_DEBUT>0</TRANCHE_DEBUT>
    <TRANCHE_FIN>100</TRANCHE_FIN>
    <ESPACE>
    </ESPACE>
    <URL_REMOTE>
    </URL_REMOTE>
	<URL_APIHR></URL_APIHR>
  </SITE>
  <SITE ID="2l9lCxrG717">
    <SQL>
      <USERNAME>6Y3dNvt0sxeZFL6UWpZ/PA==</USERNAME>
      <PASSWORD>/xiLW3L1WnA09pSwLnw3Mg==</PASSWORD>
      <SERVER>RDcQzm28h1vT7nZKmofChQ==</SERVER>
    </SQL>
    <PROFIL_PAR_DEFAUT>VISITEUR PERMANENT</PROFIL_PAR_DEFAUT>
    <FILTRE_PROFIL>
    </FILTRE_PROFIL>
    <FICHIER_ECHANGE>\\tolkien\Utilitaires\_Autres\_test\Import_Sipass.txt</FICHIER_ECHANGE>
    <REP_ECHANGE_LOCAL>D:\ZwNet\CTRL\WebServices\log\echanges_</REP_ECHANGE_LOCAL>
    <SEPARATEUR>;</SEPARATEUR>
    <AJOUT>M</AJOUT>
    <SUPPR>S</SUPPR>
    <AUTRES>visiteur</AUTRES>
    <TRANCHE_DEBUT>0</TRANCHE_DEBUT>
    <TRANCHE_FIN>100</TRANCHE_FIN>
    <ESPACE>
    </ESPACE>
    <URL_REMOTE>
    </URL_REMOTE>
	<URL_APIHR></URL_APIHR>
  </SITE>
  <SITE ID="AEOS">
    <SQL>
      <USERNAME>6Y3dNvt0sxeZFL6UWpZ/PA==</USERNAME>
      <PASSWORD>/xiLW3L1WnA09pSwLnw3Mg==</PASSWORD>
      <SERVER>RDcQzm28h1vT7nZKmofChQ==</SERVER>
    </SQL>
    <PROFIL_PAR_DEFAUT>VISITEUR PERMANENT</PROFIL_PAR_DEFAUT>
    <FILTRE_PROFIL>
    </FILTRE_PROFIL>
    <FICHIER_ECHANGE>\\tolkien\Utilitaires\_Autres\_test\Import_Sipass.txt</FICHIER_ECHANGE>
    <REP_ECHANGE_LOCAL>D:\ZwNet\CTRL\WebServices\log\echanges_</REP_ECHANGE_LOCAL>
    <SEPARATEUR>;</SEPARATEUR>
    <AJOUT>M</AJOUT>
    <SUPPR>S</SUPPR>
    <AUTRES>visiteur</AUTRES>
    <TRANCHE_DEBUT>0</TRANCHE_DEBUT>
    <TRANCHE_FIN>100</TRANCHE_FIN>
    <ESPACE>
    </ESPACE>
    <URL_REMOTE>
    </URL_REMOTE>
	<URL_APIHR></URL_APIHR>
  </SITE>
  <SITE ID="og3mqwK11HaS0">
    <SQL>
      <USERNAME>ZPJDAFFPf0H416I3DGn7NA==</USERNAME>
      <PASSWORD>ZPJDAFFPf0H416I3DGn7NA==</PASSWORD>
      <SERVER>0tXcasu8CRtMtmqpxcmU8A==</SERVER>
    </SQL>
    <PROFIL_PAR_DEFAUT>VISITEUR PERMANENT</PROFIL_PAR_DEFAUT>
    <FILTRE_PROFIL>
    </FILTRE_PROFIL>
    <FICHIER_ECHANGE>\\tolkien\Utilitaires\_Autres\_test\Import_Sipass.txt</FICHIER_ECHANGE>
    <REP_ECHANGE_LOCAL>D:\ZwNet\CTRL\WebServices\temp\</REP_ECHANGE_LOCAL>
    <SEPARATEUR>;</SEPARATEUR>
    <AJOUT>M</AJOUT>
    <SUPPR>S</SUPPR>
    <AUTRES>visiteur</AUTRES>
    <TRANCHE_DEBUT>0</TRANCHE_DEBUT>
    <TRANCHE_FIN>100</TRANCHE_FIN>
    <ESPACE>
    </ESPACE>
    <URL_REMOTE>
    </URL_REMOTE>
	<URL_APIHR></URL_APIHR>
  </SITE>
  <REQUETES>
    <PROFILS>select acc_grp_name as ID,acc_grp_name as libelle from asco.access_groups where acc_grp_name LIKE @filtre order by acc_grp_name</PROFILS>
  </REQUETES>
</ZCL09>