﻿<?xml version="1.0" encoding="utf-8"?>
<ZCL01>
  <SITE ID="0">
    <CREA_BDG>NON</CREA_BDG>
    <SORTIE_SUPPRESSION>NON</SORTIE_SUPPRESSION>
    <PROFIL_DEFAUT>ASTRIUM/Famille ASTRIUM 2</PROFIL_DEFAUT>
    <FILTRE_PROFIL />
    <SI>2</SI>
    <!-- 1 ou 2 -->
    <SI2>
      <GESTION_FAMILLE>0</GESTION_FAMILLE>
      <!--
			0	Toutes les familles
			1	Limitée aux familles du visité
			2	Conservation des carateristiques du badge (famille/propriété)
		-->
    </SI2>
    <SQL>
      <USERNAME>6Y3dNvt0sxeZFL6UWpZ/PA==</USERNAME>
      <PASSWORD>/xiLW3L1WnA09pSwLnw3Mg==</PASSWORD>
      <SERVER>RDcQzm28h1vT7nZKmofChQ==</SERVER>
    </SQL>
    <EXPLOITANT>
    </EXPLOITANT>
  </SITE>
  <SITE ID="5OWq(xR11HaS0">
    <CREA_BDG>NON</CREA_BDG>
    <SORTIE_SUPPRESSION>NON</SORTIE_SUPPRESSION>
    <PROFIL_DEFAUT>ASTRIUM/Famille ASTRIUM 2</PROFIL_DEFAUT>
    <FILTRE_PROFIL />
    <SI>2</SI>
    <!-- 1 ou 2 -->
    <SI2>
      <GESTION_FAMILLE>0</GESTION_FAMILLE>
      <!--
			0	Toutes les familles
			1	Limitée aux familles du visité
			2	Conservation des carateristiques du badge (famille/propriété)
		-->
    </SI2>
    <SQL>
      <USERNAME>6Y3dNvt0sxeZFL6UWpZ/PA==</USERNAME>
      <PASSWORD>/xiLW3L1WnA09pSwLnw3Mg==</PASSWORD>
      <SERVER>RDcQzm28h1vT7nZKmofChQ==</SERVER>
    </SQL>
    <EXPLOITANT>
    </EXPLOITANT>
  </SITE>
  <SITE ID="GlOhQaS11HaS0">
    <CREA_BDG>OUI</CREA_BDG>
    <SORTIE_SUPPRESSION>NON</SORTIE_SUPPRESSION>
    <PROFIL_DEFAUT>ASTRIUM/Famille ASTRIUM 2</PROFIL_DEFAUT>
    <FILTRE_PROFIL>
    </FILTRE_PROFIL>
    <SI>1</SI>
    <!-- 1 ou 2 -->
    <SI2>
      <GESTION_FAMILLE>0</GESTION_FAMILLE>
      <!--
			0	Toutes les familles
			1	Limitée aux familles du visité
			2	Conservation des carateristiques du badge (famille/propriété)
		-->
    </SI2>
    <SQL>
      <USERNAME>6Y3dNvt0sxeZFL6UWpZ/PA==</USERNAME>
      <PASSWORD>/xiLW3L1WnA09pSwLnw3Mg==</PASSWORD>
      <SERVER>PuivZl2DRGcigCC7iwKTrw==</SERVER>
    </SQL>
    <EXPLOITANT>VISITES-SOCIETEVISIT-TELEMAQUE SOCIETE VISITEUR;</EXPLOITANT>
  </SITE>
  <SITE ID="AEOS">
    <CREA_BDG>NON</CREA_BDG>
    <SORTIE_SUPPRESSION>NON</SORTIE_SUPPRESSION>
    <PROFIL_DEFAUT>
    </PROFIL_DEFAUT>
    <FILTRE_PROFIL>
    </FILTRE_PROFIL>
    <SI>2</SI>
    <!-- 1 ou 2 -->
    <SI2>
      <GESTION_FAMILLE>0</GESTION_FAMILLE>
      <!--
			0	Toutes les familles
			1	Limitée aux familles du visité
			2	Conservation des carateristiques du badge (famille/propriété)
		-->
    </SI2>
    <SQL>
      <USERNAME>6Y3dNvt0sxeZFL6UWpZ/PA==</USERNAME>
      <PASSWORD>/xiLW3L1WnA09pSwLnw3Mg==</PASSWORD>
      <SERVER>PuivZl2DRGcigCC7iwKTrw==</SERVER>
    </SQL>
    <EXPLOITANT>
    </EXPLOITANT>
  </SITE>
  <REQUETES>
    <!-- COMMUN -->
    <BADGES_SORTIS>Select idSortieVisiteur,Codelogique,DateSortie from Vue_SortieVisiteur</BADGES_SORTIS>
    <BADGE_SORTI_OK>DECLARE @RetVal int EXEC Spe_RAZSortieVisiteur @idSortieVisiteur,@RetVal out Select @RetVal</BADGE_SORTI_OK>
    <!-- SI1 -->
    <BADGES1>select rtrim(tag) as tag,codelogique,dateperemption from vue_badgeliste where supprime=0 and (statutbadge=0 or statutbadge=2)</BADGES1>
    <BADGES_DISPONIBLES1>select rtrim(tag) as tag,codelogique,dateperemption from vue_badgeliste where supprime=0 and (statutbadge=0 or statutbadge=2) and Convert(char,dateperemption,102) &lt; Convert(char,getdate(),102)</BADGES_DISPONIBLES1>
    <PROFILS>Select idfamille,libelle from  Vue_FamilleListe where libelle like @famille</PROFILS>
    <BADGES_SORTIS>Select idSortieVisiteur,Codelogique,DateSortie from Vue_SortieVisiteur</BADGES_SORTIS>
    <AJOUT_MODIF_VISITEUR1>DECLARE @RetVal int DECLARE @IdUsager int EXEC @idusager = spe_usagerajout @codelogique,@nom,@prenom,@matricule,null,null,@familleid,@RetVal out Select @RetVal</AJOUT_MODIF_VISITEUR1>
    <AJOUT_BADGE>DECLARE @RetVal int EXEC spe_BadgeAjout @codelogique,@codelogique,@codephysique,@datefin,@RetVal out Select @RetVal</AJOUT_BADGE>
    <MODIF_BADGE>DECLARE @RetVal int EXEC Spe_BadgeModifDate @codephysique,@datefin,@RetVal out Select @RetVal</MODIF_BADGE>
    <SORTIE_SUPPRESSION>DECLARE @RetVal int EXEC spe_UsagerSuppression @codelogique,@RetVal out Select @RetVal</SORTIE_SUPPRESSION>
    <EXPLOITANT1>declare @ret int declare @uFs int SET @uFs = (Select idchampexpl from vue_champexplliste where libelle=@nomChamp ) EXEC spe_champexplset @codelogique, @uFs, @ValChamp, @ret out Select @ret </EXPLOITANT1>
    <!-- SI2 -->
    <BADGES2>SELECT UL.LogicalCode as codelogique, rtrim(SCL.tag) as tag ,SCL.ExpirationDate FROM View_SmartCardList SCL,View_UserList UL WHERE SCL.Deleted=0 AND SmartCardStatus IN (0,2) AND SCL.idUser=UL.idUser</BADGES2>
    <BADGES_DISPONIBLES2>SELECT UL.LogicalCode as codelogique, rtrim(SCL.tag) as tag ,SCL.ExpirationDate FROM View_SmartCardList SCL,View_UserList UL WHERE SCL.Deleted=0 AND SmartCardStatus IN (0,2) AND Convert(char,ExpirationDate,102) &lt; Convert(char,getdate(),102) AND SCL.idUser=UL.idUser</BADGES_DISPONIBLES2>
    <PROFILS_USAGERS2>SELECT UFL.idUser,FL.idFamily as idfamille,PL.Label AS Propriete,PL.idProperty AS ProprieteId,FL.Label AS Famille FROM View_FamilyList FL,View_PropertyList PL, View_UserFamilyList UFL, View_UserList UL WHERE PL.idProperty=FL.idProperty AND FL.idFamily=UFL.idFamily AND UFL.idUser=UL.idUser AND UL.LogicalCode=@codelogique AND FL.Label LIKE (@famille) ORDER BY PL.Label, FL.Label</PROFILS_USAGERS2>
    <PROFILS_TOUS2>SELECT distinct FL.idFamily as idfamille,PL.Label AS Propriete,PL.idProperty AS ProprieteId,FL.Label AS Famille FROM View_FamilyList FL, View_PropertyList PL,View_UserProperties UP,View_UserList UL WHERE PL.idProperty=FL.idProperty AND PL.idProperty=UP.idProperty AND UP.idUser=UL.idUser AND UL.LogicalCode=@codelogique AND FL.Label LIKE (@famille) ORDER BY PL.Label, FL.Label</PROFILS_TOUS2>
    <AJOUT_MODIF_VISITEUR2>declare @RetVal int declare @IdUser int declare @IdUser2 int exec @idUser = spe_AddOrUpdateUser @codelogique,@nom,@prenom,@matricule,@propriete,2,0,@datefin, 0, null, 0, 0, 1, 0, @RetVal out Select @IdUser</AJOUT_MODIF_VISITEUR2>
    <AJOUT_PROPRIETE2>declare @RetVal int declare @IdUser int declare @IdUser2 int exec @idUser2 = spe_AddUserProperty @user, @propriete,2,0,@datefin, 0, NULL, 0, 0, 1, 0, @RetVal out Select @IdUser2</AJOUT_PROPRIETE2>
    <SUPPRESSION_FAMILLES2>declare @RetVal int declare @IdUser int declare @IdUser2 int exec @idUser2 = Spe_ClearUserFamilies @user, @RetVal out Select @IdUser2</SUPPRESSION_FAMILLES2>
    <AJOUT_FAMILLE2>declare @RetVal int declare @IdUser int declare @IdUser2 int exec @idUser2 = spe_AddUserFamily @user,@famille,1, @RetVal out Select @IdUser2</AJOUT_FAMILLE2>
    <AJOUT_BADGE2>declare @RetVal int declare @IdUser int declare @IdUser2 int exec @idUser2 = spe_AddSmartCard @user,@codelogique,@codephysique,@datefin, @RetVal out Select @IdUser2</AJOUT_BADGE2>
    <MODIF_BADGE2>declare @RetVal int declare @IdUser int declare @IdUser2 int declare @id int declare @cpt int set @cpt  = 0 while EXISTS(select idSmartCard from View_SmartCardList where Deleted=0 and idUser=@user and Convert(char,expirationdate,102) &lt;&gt; @datefinstring) begin set @id = (select top 1 idSmartCard from View_SmartCardList where Deleted=0 and idUser=@user and Convert(char,expirationdate,102) &lt;&gt; @datefinstring) exec @idUser2 = spe_UpdateSmartCard @id,@datefin,2, @RetVal out set @cpt = @cpt + @idUser2 end Select @cpt</MODIF_BADGE2>
    <SORTIE_SUPPRESSION2>declare @RetVal int declare @IdUser int declare @IdUser2 int exec @idUser2 = Spe_ClearSmartCards @user, @RetVal out Select @IdUser2</SORTIE_SUPPRESSION2>
    <SUPPRESSION_USAGER2>declare @RetVal int declare @IdUser int exec @idUser = spe_RemoveUser @codelogique, @RetVal out Select @IdUser</SUPPRESSION_USAGER2>
    <USERID2>SELECT idUser FROM View_UserList WHERE LogicalCode=@codelogique AND DELETED=0</USERID2>
    <EXPLOITANT2>declare @ret int declare @uFs int SET @uFs = (Select idUserField from View_UserFieldList where label=@nomChamp ) EXEC spe_setuserfieldString @idUser, @uFs, @ValChamp, @ret out Select @ret </EXPLOITANT2>
  </REQUETES>
</ZCL01>