﻿<?xml version="1.0" encoding="utf-8"?>
<ZCL07>
  <SITE ID="0">
    <PROFIL_DEFAUT>VISITEUR</PROFIL_DEFAUT>
    <PROFIL_DEFAUT_LPM>LPM</PROFIL_DEFAUT_LPM>
    <UTILISATEUR_AEOS>administrator</UTILISATEUR_AEOS>
    <UNIT>ACCUEIL VISITEURS</UNIT>
    <BADGETYPE>BADGE INSTITUT PASTEUR</BADGETYPE>
    <BADGETYPE_LPM>BADGE LPM</BADGETYPE_LPM>
    <GESTION_PERSONNELNR>OUI</GESTION_PERSONNELNR>
    <PREFIX>
    </PREFIX>
    <FILTRAGE_UTILISATEUR>0</FILTRAGE_UTILISATEUR>
    <FILTRE_PROFIL>
    </FILTRE_PROFIL>
    <SORTIE_LPM_PAR_SORTIE>
    </SORTIE_LPM_PAR_SORTIE>
    <FORMAT_DATE>YYYY-MM-DD</FORMAT_DATE>
    <SQL>
      <USERNAME>fBeIB3E3Msl3NZUq25yH8Q==</USERNAME>
      <PASSWORD>fBeIB3E3Msl3NZUq25yH8Q==</PASSWORD>
      <SERVER>TT8MIPOj2dXjJOYk0RpvRvYTOucORTlXEp5R5KVV4SU=</SERVER>
      <TYPE>1GQN6TdgrTdYYkMM9ZrTgQ==</TYPE>
    </SQL>
  </SITE>
  <SITE ID="VPARDEFAUT">
    <PROFIL_DEFAUT>VISITEUR</PROFIL_DEFAUT>
    <PROFIL_DEFAUT_LPM>LPM</PROFIL_DEFAUT_LPM>
    <UTILISATEUR_AEOS>administrator</UTILISATEUR_AEOS>
    <UNIT>ACCUEIL VISITEURS</UNIT>
    <BADGETYPE>BADGE INSTITUT PASTEUR</BADGETYPE>
    <BADGETYPE_LPM>BADGE LPM</BADGETYPE_LPM>
    <GESTION_PERSONNELNR>1</GESTION_PERSONNELNR>
    <PREFIX>VISIT</PREFIX>
    <FILTRAGE_UTILISATEUR>0</FILTRAGE_UTILISATEUR>
    <FILTRE_PROFIL>
    </FILTRE_PROFIL>
    <SORTIE_LPM_PAR_SORTIE>
    </SORTIE_LPM_PAR_SORTIE>
    <FORMAT_DATE>YYYY-MM-DD</FORMAT_DATE>
    <SQL>
      <USERNAME>J0hLQjUXLP3Mc5zuIwJShw==</USERNAME>
      <PASSWORD>J0hLQjUXLP3Mc5zuIwJShw==</PASSWORD>
      <SERVER>pfj5tDSS9WUq+UDLeuwIqQ==</SERVER>
      <TYPE>g4m2myyRLHNLqn/z+8zH3A==</TYPE>
    </SQL>
  </SITE>
  <SITE ID="AEOS">
    <PROFIL_DEFAUT>
    </PROFIL_DEFAUT>
    <PROFIL_DEFAUT_LPM>LPM</PROFIL_DEFAUT_LPM>
    <UTILISATEUR_AEOS>administrator</UTILISATEUR_AEOS>
    <UNIT>
    </UNIT>
    <BADGETYPE>Nedap Démo</BADGETYPE>
    <BADGETYPE_LPM>LPM</BADGETYPE_LPM>
    <GESTION_PERSONNELNR>1</GESTION_PERSONNELNR>
    <PREFIX>VISIT</PREFIX>
    <FILTRAGE_UTILISATEUR>0</FILTRAGE_UTILISATEUR>
    <FILTRE_PROFIL>
    </FILTRE_PROFIL>
    <SORTIE_LPM_PAR_SORTIE>
    </SORTIE_LPM_PAR_SORTIE>
    <FORMAT_DATE2>DD/MM/YYYY (MSSQL CONVERT)</FORMAT_DATE2>
    <FORMAT_DATE>YYYY-MM-DD</FORMAT_DATE>
    <SQL>
      <USERNAME>J0hLQjUXLP3Mc5zuIwJShw==</USERNAME>
      <PASSWORD>J0hLQjUXLP3Mc5zuIwJShw==</PASSWORD>
      <SERVER>8TyraV+datgXkw9clQmLuw==</SERVER>
      <TYPE>g4m2myyRLHNLqn/z+8zH3A==</TYPE>
    </SQL>
  </SITE>
  <REQUETES>
    <MSSQL>
      <LISTE_PROFILS_ALL>select name from authorizationtemplate where UPPER(name) like UPPER(@SEARCH) order by name</LISTE_PROFILS_ALL>
      <LISTE_PROFILS_USER>select AT.name as name from authorizationtemplate AT,templatefilterassignment TFA,templatefilter TF,aeosuser AU where AT.objectid=TFA.templateobjectid and TF.objectid=TFA.templatefilterobjectid and TF.objectid=AU.templatefilterobjectid and AU.username=@USERNAME and UPPER(AT.name) like UPPER(@SEARCH)  order by name</LISTE_PROFILS_USER>
      <IMPORT_ENTREE_ABT>insert into aeosdb.dbo.import (import_function, carriertype, personnelnr, lastname, initials, gender, title, company, arrivaldatetime, leavedatetime, contactperson_personnelnr,badgetype,badgenumber,template,unit) values (@IMPORT_FUNCTION, @CARRIERTYPE, @PERSONNELNR, @LASTNAME, @INITIALS, @GENDER, @TITLE, @COMPANY, @ARRIVALDATETIME, @LEAVEDATETIME, @CONTACTPERSON_PERSONNELNR, @BADGETYPE,@BADGENUMBER,@TEMPLATE,@UNIT)</IMPORT_ENTREE_ABT>
      <IMPORT_ENTREE_SBT>insert into aeosdb.dbo.import (import_function, carriertype, personnelnr, lastname, initials, gender, title, company, arrivaldatetime, leavedatetime, contactperson_personnelnr, badgeclass, badgeseries, badgecustomercode ,badgenumber,template) values (@IMPORT_FUNCTION, @CARRIERTYPE, @PERSONNELNR, @LASTNAME, @INITIALS, @GENDER, @TITLE, @COMPANY, @ARRIVALDATETIME, @LEAVEDATETIME, @CONTACTPERSON_PERSONNELNR, @BADGECLASS, @BADGESERIES, @BADGECUSTOMERCODE ,@BADGENUMBER,@TEMPLATE)</IMPORT_ENTREE_SBT>
      <IMPORT_SORTIE>insert into aeosdb.dbo.import (import_function, carriertype, personnelnr) values (@IMPORT_FUNCTION,@CARRIERTYPE, @PERSONNELNR)</IMPORT_SORTIE>
      <BADGE_CTRL>SELECT [Date] as DATESORTIE,[Personnelnr] as QUI FROM [dbo].[view_telemaque_avaleur]</BADGE_CTRL>
    </MSSQL>
    <ORACLE>
      <LISTE_PROFILS_ALL>select name from authorizationtemplate where UPPER(name) like UPPER(@SEARCH) order by name</LISTE_PROFILS_ALL>
      <LISTE_PROFILS_USER>select AT.name as name from authorizationtemplate AT,templatefilterassignment TFA,templatefilter TF,aeosuser AU where AT.objectid=TFA.templateobjectid and TF.objectid=TFA.templatefilterobjectid and TF.objectid=AU.templatefilterobjectid and AU.username=@USERNAME and UPPER(AT.name) like UPPER(@SEARCH)  order by name</LISTE_PROFILS_USER>
      <IMPORT_ENTREE_ABT>insert into import (import_function, carriertype, personnelnr, lastname, initials, gender, title, company, arrivaldatetime, leavedatetime, contactperson_personnelnr,badgetype,badgenumber,template,unit) values (@IMPORT_FUNCTION, @CARRIERTYPE, @PERSONNELNR, @LASTNAME, @INITIALS, @GENDER, @TITLE, @COMPANY, @ARRIVALDATETIME, @LEAVEDATETIME, @CONTACTPERSON_PERSONNELNR, @BADGETYPE,@BADGENUMBER,@TEMPLATE,@UNIT)</IMPORT_ENTREE_ABT>
      <IMPORT_ENTREE_SBT>insert into import (import_function, carriertype, personnelnr, lastname, initials, gender, title, company, arrivaldatetime, leavedatetime, contactperson_personnelnr, badgeclass, badgeseries, badgecustomercode ,badgenumber,template) values (@IMPORT_FUNCTION, @CARRIERTYPE, @PERSONNELNR, @LASTNAME, @INITIALS, @GENDER, @TITLE, @COMPANY, @ARRIVALDATETIME, @LEAVEDATETIME, @CONTACTPERSON_PERSONNELNR, @BADGECLASS, @BADGESERIES, @BADGECUSTOMERCODE ,@BADGENUMBER,@TEMPLATE)</IMPORT_ENTREE_SBT>
      <IMPORT_SORTIE>insert import (import_function, carriertype, personnelnr) values (@IMPORT_FUNCTION,@CARRIERTYPE, @PERSONNELNR)</IMPORT_SORTIE>
      <BADGE_CTRL>SELECT [Date] as DATESORTIE,[Personnelnr] as QUI FROM [dbo].[view_telemaque_avaleur]</BADGE_CTRL>
    </ORACLE>
  </REQUETES>
</ZCL07>