﻿<?xml version="1.0" encoding="utf-8"?>
<ZCL11>
  <SITE ID="0">
    <FORMAT_DATE>DD/MM/YYYY</FORMAT_DATE>
    <FIN>23:59:59</FIN>
    <TECHNO>1</TECHNO>
    <GESTION_PROFILS>OUI</GESTION_PROFILS>
    <FILTRE_PROFIL>
    </FILTRE_PROFIL>
    <PROFILENAME>
    </PROFILENAME>
    <HOST_AM5WWW>HOST</HOST_AM5WWW>
    <SQL>
      <USERNAME>
      </USERNAME>
      <PASSWORD>
      </PASSWORD>
      <SERVER>
      </SERVER>
    </SQL>
    <DOUBLE>
      <BADGE>0</BADGE>
      <LETTRE>B</LETTRE>
      <NOM>BIOVEIN</NOM>
    </DOUBLE>
  </SITE>
  <SITE ID="5OWq(xR11HaS0">
    <FORMAT_DATE>DD/MM/YYYY</FORMAT_DATE>
    <FIN>23:59:59</FIN>
    <TECHNO>1</TECHNO>
    <GESTION_PROFILS>NON</GESTION_PROFILS>
    <FILTRE_PROFIL>
    </FILTRE_PROFIL>
    <PROFILENAME>
    </PROFILENAME>
    <HOST_AM5WWW>172.16.1.163</HOST_AM5WWW>
    <SQL>
      <USERNAME>SAJlikN+ZkmkVg2XCQ7iFg==</USERNAME>
      <PASSWORD>SAJlikN+ZkmkVg2XCQ7iFg==</PASSWORD>
      <SERVER>TtGqKcGAXHKLqfer36QUhA==</SERVER>
    </SQL>
    <DOUBLE>
      <BADGE>0</BADGE>
      <LETTRE>B</LETTRE>
      <NOM>BIOVEIN</NOM>
    </DOUBLE>
  </SITE>
  <SITE ID="">
    <FORMAT_DATE>DD/MM/YYYY</FORMAT_DATE>
    <FIN>23:59:59</FIN>
    <TECHNO>1</TECHNO>
    <GESTION_PROFILS>OUI</GESTION_PROFILS>
    <FILTRE_PROFIL>
    </FILTRE_PROFIL>
    <PROFILENAME>
    </PROFILENAME>
    <HOST_AM5WWW>HOST</HOST_AM5WWW>
    <SQL>
      <USERNAME>
      </USERNAME>
      <PASSWORD>
      </PASSWORD>
      <SERVER>
      </SERVER>
    </SQL>
    <DOUBLE>
      <BADGE>0</BADGE>
      <LETTRE>B</LETTRE>
      <NOM>BIOVEIN</NOM>
    </DOUBLE>
  </SITE>
  <SITE ID="BELIS">
    <FORMAT_DATE>DD/MM/YYYY</FORMAT_DATE>
    <FIN>23:59:59</FIN>
    <TECHNO>1</TECHNO>
    <GESTION_PROFILS>OUI</GESTION_PROFILS>
    <FILTRE_PROFIL>
    </FILTRE_PROFIL>
    <PROFILENAME>
    </PROFILENAME>
    <HOST_AM5WWW>HOST</HOST_AM5WWW>
    <SQL>
      <USERNAME>
      </USERNAME>
      <PASSWORD>
      </PASSWORD>
      <SERVER>
      </SERVER>
    </SQL>
    <DOUBLE>
      <BADGE>0</BADGE>
      <LETTRE>B</LETTRE>
      <NOM>BIOVEIN</NOM>
    </DOUBLE>
  </SITE>
  <SITE ID="VPARDEFAUT">
    <FORMAT_DATE>DD/MM/YYYY</FORMAT_DATE>
    <FIN>23:59:59</FIN>
    <TECHNO>3</TECHNO>
    <GESTION_PROFILS>NON</GESTION_PROFILS>
    <FILTRE_PROFIL>%</FILTRE_PROFIL>
    <PROFILENAME>
    </PROFILENAME>
    <HOST_AM5WWW>172.16.1.163</HOST_AM5WWW>
    <SQL>
      <USERNAME>SAJlikN+ZkmkVg2XCQ7iFg==</USERNAME>
      <PASSWORD>SAJlikN+ZkmkVg2XCQ7iFg==</PASSWORD>
      <SERVER>pBwSuajbDa43jqR1NeCXQg==</SERVER>
    </SQL>
    <DOUBLE>
      <BADGE>0</BADGE>
      <LETTRE>B</LETTRE>
      <NOM>BIOVEIN</NOM>
    </DOUBLE>
  </SITE>
  <TRAME>
    <STATUT0>http://_#HOST/am5/am5WWW.dll?xmlcommand?&lt;a&gt;&lt;cmd&gt;BNFVisiteur&lt;/cmd&gt;&lt;param&gt;&lt;t&gt;&lt;ID&gt;_#ID&lt;/ID&gt;&lt;Last_Name&gt;_#NOM&lt;/Last_Name&gt;&lt;First_Name&gt;_#PRENOM&lt;/First_Name&gt;&lt;BadgeCode&gt;_#BADGE&lt;/BadgeCode&gt;_#PROFILS&lt;StartDate&gt;_#DEBUTVISITE&lt;/StartDate&gt;&lt;EndDate&gt;_#FINVISITE&lt;/EndDate&gt;&lt;Company&gt;_#SOCIETE&lt;/Company&gt;&lt;Inviter&gt;_#RESIDANT&lt;/Inviter&gt;&lt;Status&gt;_#STATUT&lt;/Status&gt;&lt;OperatorName&gt;_#HOTESSE&lt;/OperatorName&gt;&lt;Techno&gt;_#TECHNO&lt;/Techno&gt;&lt;/t&gt;&lt;/param&gt;&lt;/a&gt;</STATUT0>
    <STATUT4>http://_#HOST/am5/am5WWW.dll?xmlcommand?&lt;a&gt;&lt;cmd&gt;BNFVisiteur&lt;/cmd&gt;&lt;param&gt;&lt;t&gt;&lt;ID&gt;_#ID&lt;/ID&gt;&lt;BadgeCode&gt;_#BADGE&lt;/BadgeCode&gt;&lt;Status&gt;_#STATUT&lt;/Status&gt;&lt;Techno&gt;_#TECHNO&lt;/Techno&gt;&lt;/t&gt;&lt;/param&gt;&lt;/a&gt;</STATUT4>
    <STATUT00>http://_#HOST/am5/am5WWW.dll?xmlcommand?&lt;a&gt;&lt;cmd&gt;BNFVisiteur&lt;/cmd&gt;&lt;param&gt;&lt;t&gt;&lt;ID&gt;_#ID&lt;/ID&gt;&lt;Status&gt;_#STATUT&lt;/Status&gt;&lt;/t&gt;&lt;/param&gt;&lt;/a&gt;</STATUT00>
    <BALISE_PROFIL_SIMPLE>AccGrpID</BALISE_PROFIL_SIMPLE>
    <BALISE_PROFIL_MULTIPLE>MultipleAG</BALISE_PROFIL_MULTIPLE>
    <ASCENSEUR>http://_#HOST/am5/am5WWW.dll?xmlcommand?&lt;perform&gt;&lt;cmd&gt;ImportOneCardHolderXML&lt;/cmd&gt;&lt;param&gt;&lt;query&gt;&lt;Number&gt;_#ID&lt;/Number&gt;&lt;Lift_Program&gt;_#LIFTNAME&lt;/Lift_Program&gt;&lt;Access_Group&gt;_#ACCESS_GROUP&lt;/Access_Group&gt;&lt;/query&gt;&lt;/param&gt;&lt;/perform&gt;</ASCENSEUR>
  </TRAME>
  <TECHNOLOGIES>
    <T1>magnetic card</T1>
    <T2>barcode</T2>
    <T3>Wigand</T3>
    <T4>Smart Card 1</T4>
    <T5>Smart Card 2</T5>
    <T6>Smart Card 3</T6>
    <T7>Touch</T7>
    <T8>Radio</T8>
  </TECHNOLOGIES>
  <REQUETES>
    <PROFILS>SELECT id,CAST(Name AS VARCHAR(50)) AS Libelle FROM Amadeus5.dbo.ACCGRP WHERE NAME LIKE @name ORDER BY Name</PROFILS>
    <PROFILID>SELECT id FROM Amadeus5.dbo.ACCGRP WHERE NAME=@name</PROFILID>
    <BADGE_SORTIE>SELECT DATE,CAST(CODEBADGE AS VARCHAR(50)) AS CODEBADGE FROM Amadeus5.dbo.TELEMAQUE</BADGE_SORTIE>
    <BDG_SORTI_DELETE>DELETE FROM Amadeus5.dbo.TELEMAQUE WHERE CODEBADGE=@codebadge</BDG_SORTI_DELETE>
    <TARGET_LECTEUR>SELECT AG.Id AS ACCGRP_Id,AG.Name AS ACCGRP_Name,R.Id AS Reader_Id,R.Name AS Reader_Name,rpt.Name AS WP_Name FROM [Amadeus5].dbo.rptWP2 rpt INNER JOIN [Amadeus5].dbo.Join_Door jd ON rpt.ID = jd.WP INNER JOIN [Amadeus5].dbo.Reader R ON jd.ID_Door = R.ID RIGHT OUTER JOIN [Amadeus5].dbo.ACCGRP AG ON jd.ID_ACCGRP = AG.ID</TARGET_LECTEUR>
    <TARGET_ASCENSEUR>SELECT ID,Name,Descr FROM [Amadeus5].dbo.Lift</TARGET_ASCENSEUR>
    <TARGET_ASCENSEUR2>SELECT ID,Name,Descr FROM [Amadeus5].dbo.Authlift</TARGET_ASCENSEUR2>
    <LOG_EXPORT>
      SELECT [Log].ID,  rtrim(CONVERT(CHAR, [Log].Date,126 )) AS EventDate,[Log].From_Name, [Log].Desc3,  Log_Events.Caption,[Log].Reader,Card.Code,CRDHLD.Company,CRDHLD.Last_Name, CRDHLD.First_Name,CRDHLD.type,CRDHLD.AG_Name
      FROM [Amadeus5].dbo.Log_Events Log_Events, [Amadeus5].dbo.LOG LOG LEFT JOIN (([Amadeus5].dbo.Card Card RIGHT JOIN [Amadeus5].dbo.CRDHLD CRDHLD ON Card.Owner = CRDHLD.ID)) ON CRDHLD.ID=[Log].Cardholder WHERE ([Log].Trn_Type = Log_Events.ID) AND [Log].Trn_Type in (1,2,3,4) AND CONVERT(CHAR, [Log].Date,102 ) &gt;= CONVERT(CHAR, CONVERT(DATETIME, @valeur,102 ),102 )  ORDER BY  [Log].ID
    </LOG_EXPORT>
    <LOG_EXPORT2>
      SELECT [Log].ID, [Log].Date AS EventDate,[Log].From_Name, [Log].Desc3,  Log_Events.Caption,[Log].Reader,Card.Code,CRDHLD.Company,CRDHLD.Last_Name, CRDHLD.First_Name,CRDHLD.type,CRDHLD.AG_Name
      FROM [Amadeus5].dbo.Log_Events Log_Events, [Amadeus5].dbo.LOG LOG LEFT JOIN (([Amadeus5].dbo.Card Card RIGHT JOIN [Amadeus5].dbo.CRDHLD CRDHLD ON Card.Owner = CRDHLD.ID)) ON CRDHLD.ID=[Log].Cardholder WHERE ([Log].Trn_Type = Log_Events.ID) AND [Log].Trn_Type in (1,2,3,4) AND CONVERT(CHAR, [Log].Date,102 ) &gt;= CONVERT(CHAR, CONVERT(DATETIME, @valeur,102 ),102 )  ORDER BY  [Log].ID
    </LOG_EXPORT2>
    <OWNER_BADGE>select C.ID,C.Name, C.Code, C.techno, CH.Last_Name, CH.Num FROM Amadeus5.dbo.Card C LEFT OUTER JOIN Amadeus5.dbo.CRDHLD CH ON C.Owner=CH.ID WHERE Code=@CodeBadge</OWNER_BADGE>
  </REQUETES>
</ZCL11>