﻿<?xml version="1.0" encoding="utf-8"?>
<ZCL17>
  <SITE ID="0">
    <SQL>
      <USERNAME>ZPJDAFFPf0H416I3DGn7NA==</USERNAME>
      <PASSWORD>ZPJDAFFPf0H416I3DGn7NA==</PASSWORD>
      <SERVER1>0tXcasu8CRtMtmqpxcmU8A==</SERVER1>
      <SERVER>
      </SERVER>
    </SQL>
    <FICHIER_PROFILS>\\tolkien\Utilitaires\_Autres\_test\Til_profil.txt</FICHIER_PROFILS>
    <FICHIER_ECHANGE>\\tolkien\Utilitaires\_Autres\_test\VISITEUR.txt</FICHIER_ECHANGE>
    <REP_PROFILS_LOCAL>D:\ZwNet\CTRL\WebServices\zcl\log</REP_PROFILS_LOCAL>
    <REP_ECHANGE_LOCAL>D:\ZwNet\CTRL\WebServices\log\echanges_</REP_ECHANGE_LOCAL>
    <PROFIL_PAR_DEFAUT>VISI</PROFIL_PAR_DEFAUT>
    <FILTRE_PROFIL>
    </FILTRE_PROFIL>
    <SEMAPHORE>
    </SEMAPHORE>
    <URL_REMOTE>
    </URL_REMOTE>
  </SITE>
  <SITE ID="J6fAx_011HaS0">
    <SQL>
      <USERNAME>ZPJDAFFPf0H416I3DGn7NA==</USERNAME>
      <PASSWORD>ZPJDAFFPf0H416I3DGn7NA==</PASSWORD>
      <SERVER1>0tXcasu8CRtMtmqpxcmU8A==</SERVER1>
      <SERVER>
      </SERVER>
    </SQL>
    <FICHIER_PROFILS>\\tolkien\Utilitaires\_Autres\_test\Til_profil.txt</FICHIER_PROFILS>
    <FICHIER_ECHANGE>\\tolkien\Utilitaires\_Autres\_test\VISITEUR.txt</FICHIER_ECHANGE>
    <REP_PROFILS_LOCAL>D:\ZwNet\CTRL\WebServices\zcl\log</REP_PROFILS_LOCAL>
    <REP_ECHANGE_LOCAL>D:\ZwNet\CTRL\WebServices\log\echanges_</REP_ECHANGE_LOCAL>
    <PROFIL_PAR_DEFAUT>VISI</PROFIL_PAR_DEFAUT>
    <FILTRE_PROFIL>
    </FILTRE_PROFIL>
    <SEMAPHORE>
    </SEMAPHORE>
    <URL_REMOTE>
    </URL_REMOTE>
  </SITE>
  <SITE ID="2kRtzh08F01">
    <SQL>
      <USERNAME>ZPJDAFFPf0H416I3DGn7NA==</USERNAME>
      <PASSWORD>ZPJDAFFPf0H416I3DGn7NA==</PASSWORD>
      <SERVER1>0tXcasu8CRtMtmqpxcmU8A==</SERVER1>
      <SERVER>
      </SERVER>
    </SQL>
    <FICHIER_PROFILS>\\tolkien\Utilitaires\_Autres\_test\Til_profil.txt</FICHIER_PROFILS>
    <FICHIER_ECHANGE>\\tolkien\Utilitaires\_Autres\_test\VISITEUR.txt</FICHIER_ECHANGE>
    <REP_PROFILS_LOCAL>D:\ZwNet\CTRL\WebServices\zcl\log</REP_PROFILS_LOCAL>
    <REP_ECHANGE_LOCAL>D:\ZwNet\CTRL\WebServices\log\echanges_</REP_ECHANGE_LOCAL>
    <PROFIL_PAR_DEFAUT>VISI</PROFIL_PAR_DEFAUT>
    <FILTRE_PROFIL>
    </FILTRE_PROFIL>
    <SEMAPHORE>
    </SEMAPHORE>
    <URL_REMOTE>
    </URL_REMOTE>
  </SITE>
  <SITE ID="wht2ZMA11HaS0">
    <SQL>
      <USERNAME>ZPJDAFFPf0H416I3DGn7NA==</USERNAME>
      <PASSWORD>ZPJDAFFPf0H416I3DGn7NA==</PASSWORD>
      <SERVER1>0tXcasu8CRtMtmqpxcmU8A==</SERVER1>
      <SERVER>
      </SERVER>
    </SQL>
    <FICHIER_PROFILS>\\tolkien\Utilitaires\_Autres\_test\Til_profil.txt</FICHIER_PROFILS>
    <FICHIER_ECHANGE>\\tolkien\Utilitaires\_Autres\_test\VISITEUR.txt</FICHIER_ECHANGE>
    <REP_PROFILS_LOCAL>D:\ZwNet\CTRL\WebServices\zcl\log</REP_PROFILS_LOCAL>
    <REP_ECHANGE_LOCAL>D:\ZwNet\CTRL\WebServices\log\echanges_</REP_ECHANGE_LOCAL>
    <PROFIL_PAR_DEFAUT>VISI</PROFIL_PAR_DEFAUT>
    <FILTRE_PROFIL>
    </FILTRE_PROFIL>
    <SEMAPHORE>
    </SEMAPHORE>
    <URL_REMOTE>
    </URL_REMOTE>
  </SITE>
  <SITE ID="2kPszFQu801">
    <SQL>
      <USERNAME>ZPJDAFFPf0H416I3DGn7NA==</USERNAME>
      <PASSWORD>ZPJDAFFPf0H416I3DGn7NA==</PASSWORD>
      <SERVER1>0tXcasu8CRtMtmqpxcmU8A==</SERVER1>
      <SERVER>
      </SERVER>
    </SQL>
    <FICHIER_PROFILS>\\tolkien\Utilitaires\_Autres\_test\Til_profil.txt</FICHIER_PROFILS>
    <FICHIER_ECHANGE>\\tolkien\Utilitaires\_Autres\_test\VISITEUR.txt</FICHIER_ECHANGE>
    <REP_PROFILS_LOCAL>D:\ZwNet\CTRL\WebServices\zcl\log</REP_PROFILS_LOCAL>
    <REP_ECHANGE_LOCAL>D:\ZwNet\CTRL\WebServices\log\echanges_</REP_ECHANGE_LOCAL>
    <PROFIL_PAR_DEFAUT>VISI</PROFIL_PAR_DEFAUT>
    <FILTRE_PROFIL>
    </FILTRE_PROFIL>
    <SEMAPHORE>
    </SEMAPHORE>
    <URL_REMOTE>
    </URL_REMOTE>
  </SITE>
  <SITE ID="2l9lCxp5Q00">
    <SQL>
      <USERNAME>ZPJDAFFPf0H416I3DGn7NA==</USERNAME>
      <PASSWORD>ZPJDAFFPf0H416I3DGn7NA==</PASSWORD>
      <SERVER1>0tXcasu8CRtMtmqpxcmU8A==</SERVER1>
      <SERVER>
      </SERVER>
    </SQL>
    <FICHIER_PROFILS>\\tolkien\Utilitaires\_Autres\_test\Til_profil.txt</FICHIER_PROFILS>
    <FICHIER_ECHANGE>\\tolkien\Utilitaires\_Autres\_test\VISITEUR.txt</FICHIER_ECHANGE>
    <REP_PROFILS_LOCAL>D:\ZwNet\CTRL\WebServices\zcl\log</REP_PROFILS_LOCAL>
    <REP_ECHANGE_LOCAL>D:\ZwNet\CTRL\WebServices\log\echanges_</REP_ECHANGE_LOCAL>
    <PROFIL_PAR_DEFAUT>VISI</PROFIL_PAR_DEFAUT>
    <FILTRE_PROFIL>
    </FILTRE_PROFIL>
    <SEMAPHORE>
    </SEMAPHORE>
    <URL_REMOTE>
    </URL_REMOTE>
  </SITE>
  <SITE ID="2kMkQAD0700">
    <SQL>
      <USERNAME>ZPJDAFFPf0H416I3DGn7NA==</USERNAME>
      <PASSWORD>ZPJDAFFPf0H416I3DGn7NA==</PASSWORD>
      <SERVER1>0tXcasu8CRtMtmqpxcmU8A==</SERVER1>
      <SERVER>
      </SERVER>
    </SQL>
    <FICHIER_PROFILS>\\tolkien\Utilitaires\_Autres\_test\Til_profil.txt</FICHIER_PROFILS>
    <FICHIER_ECHANGE>\\tolkien\Utilitaires\_Autres\_test\VISITEUR.txt</FICHIER_ECHANGE>
    <REP_PROFILS_LOCAL>D:\ZwNet\CTRL\WebServices\zcl\log</REP_PROFILS_LOCAL>
    <REP_ECHANGE_LOCAL>D:\ZwNet\CTRL\WebServices\log\echanges_</REP_ECHANGE_LOCAL>
    <PROFIL_PAR_DEFAUT>VISI</PROFIL_PAR_DEFAUT>
    <FILTRE_PROFIL>
    </FILTRE_PROFIL>
    <SEMAPHORE>
    </SEMAPHORE>
    <URL_REMOTE>
    </URL_REMOTE>
  </SITE>
  <SITE ID="n6XVNti11HaS0">
    <SQL>
      <USERNAME>ZPJDAFFPf0H416I3DGn7NA==</USERNAME>
      <PASSWORD>ZPJDAFFPf0H416I3DGn7NA==</PASSWORD>
      <SERVER1>0tXcasu8CRtMtmqpxcmU8A==</SERVER1>
      <SERVER>
      </SERVER>
    </SQL>
    <FICHIER_PROFILS>\\tolkien\Utilitaires\_Autres\_test\Til_profil.txt</FICHIER_PROFILS>
    <FICHIER_ECHANGE>\\tolkien\Utilitaires\_Autres\_test\VISITEUR.txt</FICHIER_ECHANGE>
    <REP_PROFILS_LOCAL>D:\ZwNet\CTRL\WebServices\temp</REP_PROFILS_LOCAL>
    <REP_ECHANGE_LOCAL>D:\ZwNet\CTRL\WebServices\temp\echanges_</REP_ECHANGE_LOCAL>
    <PROFIL_PAR_DEFAUT>VISI</PROFIL_PAR_DEFAUT>
    <FILTRE_PROFIL>
    </FILTRE_PROFIL>
    <SEMAPHORE>OUI</SEMAPHORE>
    <URL_REMOTE>
    </URL_REMOTE>
  </SITE>
  <REQUETES>
    <TARGET_ASCENSEUR>select 0 as vide, 0 as vide2</TARGET_ASCENSEUR>
    <TARGET_LISTE_PERSON>SELECT NOM,PRENOM,SOCIETE,MATRICULE,TYPECONTRAT,PROFILS,CODEANTENNE,ANTIRETOUR,DATEFIN,ETAT,CATEGORIE,DATECREATION FROM SIMU_PERSON ORDER BY NOM</TARGET_LISTE_PERSON>
    <TARGET_LISTE_PERSON_SITE>SELECT NOM,PRENOM,SOCIETE,MATRICULE,TYPECONTRAT,PROFILS,CODEANTENNE,ANTIRETOUR,DATEFIN,ETAT,CATEGORIE,DATECREATION FROM SIMU_PERSON ORDER BY NOM</TARGET_LISTE_PERSON_SITE>
    <TARGET_LISTE_PERSON_ONE>SELECT NOM,PRENOM,SOCIETE,MATRICULE,TYPECONTRAT,PROFILS,CODEANTENNE,ANTIRETOUR,DATEFIN,ETAT,CATEGORIE,DATECREATION FROM SIMU_PERSON WHERE MATRICULE =@SEARCH ORDER BY NOM</TARGET_LISTE_PERSON_ONE>
    <TARGET_LISTE_PERSON_PNG>SELECT NOM,PRENOM,SOCIETE,MATRICULE,TYPECONTRAT,PROFILS,CODEANTENNE,ANTIRETOUR,DATEFIN,ETAT,CATEGORIE,DATECREATION FROM SIMU_PERSON ORDER BY NOM</TARGET_LISTE_PERSON_PNG>
    <PROFILS>SELECT ID,LIBELLE FROM SIMU_PROFIL WHERE UPPER(LIBELLE) LIKE UPPER(@SEARCH) ORDER BY LIBELLE</PROFILS>
    <PERSON_ENTREE>INSERT INTO SIMU_IMPORT (ACTION,CODEANTENNE,NOM,PRENOM,SOCIETE,DATEDEBUT,DATEFIN,VISINOM ,VISIPRENOM,EMETTEUR,PROFILS,CATEGORIE) VALUES ('C',@CODEANTENNE,@NOM,@PRENOM,@SOCIETE,@DATEDEBUT,@DATEFIN,@VISINOM ,@VISIPRENOM,@EMETTEUR,@PROFILS,'VISITEUR')</PERSON_ENTREE>
    <PERSON_SORTIE>INSERT INTO SIMU_IMPORT (ACTION,CODEANTENNE,CATEGORIE) VALUES ('S',@CODEANTENNE,'VISITEUR')</PERSON_SORTIE>
    <PERSON_ACTIVE>SELECT * FROM SIMU_IMPORT WHERE ID_IMPORT=-1</PERSON_ACTIVE>
    <PERSON_RESID>INSERT INTO SIMU_IMPORT (ACTION,CODEANTENNE,NOM,PRENOM,SOCIETE,DATEDEBUT,DATEFIN,MATRICULE,EMETTEUR,PROFILS,CATEGORIE) VALUES ('C',@CODEANTENNE,@NOM,@PRENOM,@SOCIETE,@DATEDEBUT,@DATEFIN,@MATRICULE,@EMETTEUR,@PROFILS,'RESIDANT')</PERSON_RESID>
  </REQUETES>
</ZCL17>