﻿<?xml version="1.0" encoding="utf-8"?>
<ZCL21>
  <SITE ID="0">
    <INITIALS>VISI</INITIALS>
    <USAGE_CNT>2</USAGE_CNT>
    <BID_FORMAT_ID>1</BID_FORMAT_ID>
    <FACILITY>-1</FACILITY>
    <TYPEPERSON>7</TYPEPERSON>
    <CATEGORY_ID>1</CATEGORY_ID>
    <FILTRE_PROFIL>NO</FILTRE_PROFIL>
    <SORTIE_SUPP>OUI</SORTIE_SUPP>
    <CREA_BDG>OUI</CREA_BDG>
    <GESTION_PROFILS>1</GESTION_PROFILS>
    <SQL>
      <HOST>/74oRlNTsh8/kYakcIzCWg==</HOST>
      <SERVICE>hSPaY+QpdUuS3zK+lvDZiQ==</SERVICE>
      <DATABASE>fqvc7OAHrr0iKVctp2dSLg==</DATABASE>
      <USERNAME>jvIefl64Q3mdCPsmsZL1Vg==</USERNAME>
      <PASSWORD>jvIefl64Q3mdCPsmsZL1Vg==</PASSWORD>
      <SERVER>/74oRlNTsh8/kYakcIzCWg==</SERVER>
    </SQL>
    <UTILISATEURS>
      <UTILISATEUR SLOT="1">
        <TELEMAQUE TABLE="INTERLOCUTEUR" COLONNE="LIEUNAISSANCE" />
        <SEPARATEUR>'</SEPARATEUR>
        <TELEMAQUE TABLE="INTERLOCUTEUR" COLONNE="DATENAISSANCE" />
      </UTILISATEUR>
      <UTILISATEUR SLOT="3">
        <TELEMAQUE TABLE="INTERLOCUTEUR" COLONNE="DATENAISSANCE" />
      </UTILISATEUR>
      <UTILISATEUR SLOT="4">
        <SEPARATEUR>UTILISATEUR 4</SEPARATEUR>
      </UTILISATEUR>
      <UTILISATEUR SLOT="2">
        <SEPARATEUR>UTILISATEUR 4</SEPARATEUR>
      </UTILISATEUR>
    </UTILISATEURS>
  </SITE>
  <SITE ID="2kPKlg9sT01">
    <INITIALS>VISI</INITIALS>
    <USAGE_CNT>2</USAGE_CNT>
    <BID_FORMAT_ID>1</BID_FORMAT_ID>
    <FACILITY>-1</FACILITY>
    <TYPEPERSON>7</TYPEPERSON>
    <CATEGORY_ID>1</CATEGORY_ID>
    <FILTRE_PROFIL>NO</FILTRE_PROFIL>
    <SORTIE_SUPP>OUI</SORTIE_SUPP>
    <CREA_BDG>OUI</CREA_BDG>
    <GESTION_PROFILS>1</GESTION_PROFILS>
    <SQL>
      <HOST>/74oRlNTsh8/kYakcIzCWg==</HOST>
      <SERVICE>hSPaY+QpdUuS3zK+lvDZiQ==</SERVICE>
      <DATABASE>fqvc7OAHrr0iKVctp2dSLg==</DATABASE>
      <USERNAME>jvIefl64Q3mdCPsmsZL1Vg==</USERNAME>
      <PASSWORD>jvIefl64Q3mdCPsmsZL1Vg==</PASSWORD>
      <SERVER>/74oRlNTsh8/kYakcIzCWg==</SERVER>
    </SQL>
    <UTILISATEURS>
      <UTILISATEUR SLOT="1">
        <TELEMAQUE TABLE="INTERLOCUTEUR" COLONNE="LIEUNAISSANCE" />
        <SEPARATEUR>'</SEPARATEUR>
        <TELEMAQUE TABLE="INTERLOCUTEUR" COLONNE="DATENAISSANCE" />
      </UTILISATEUR>
      <UTILISATEUR SLOT="3">
        <TELEMAQUE TABLE="INTERLOCUTEUR" COLONNE="DATENAISSANCE" />
      </UTILISATEUR>
      <UTILISATEUR SLOT="4">
        <SEPARATEUR>UTILISATEUR 4</SEPARATEUR>
      </UTILISATEUR>
      <UTILISATEUR SLOT="2">
        <SEPARATEUR>UTILISATEUR 4</SEPARATEUR>
      </UTILISATEUR>
    </UTILISATEURS>
  </SITE>
  <SITE ID="6314821">
    <INITIALS>VISI</INITIALS>
    <USAGE_CNT>2</USAGE_CNT>
    <BID_FORMAT_ID>1</BID_FORMAT_ID>
    <FACILITY>-1</FACILITY>
    <TYPEPERSON>7</TYPEPERSON>
    <CATEGORY_ID>1</CATEGORY_ID>
    <FILTRE_PROFIL>NO</FILTRE_PROFIL>
    <SORTIE_SUPP>OUI</SORTIE_SUPP>
    <CREA_BDG>OUI</CREA_BDG>
    <GESTION_PROFILS>1</GESTION_PROFILS>
    <SQL>
      <HOST>/74oRlNTsh8/kYakcIzCWg==</HOST>
      <SERVICE>hSPaY+QpdUuS3zK+lvDZiQ==</SERVICE>
      <DATABASE>fqvc7OAHrr0iKVctp2dSLg==</DATABASE>
      <USERNAME>jvIefl64Q3mdCPsmsZL1Vg==</USERNAME>
      <PASSWORD>jvIefl64Q3mdCPsmsZL1Vg==</PASSWORD>
      <SERVER>/74oRlNTsh8/kYakcIzCWg==</SERVER>
    </SQL>
    <UTILISATEURS>
      <UTILISATEUR SLOT="1">
        <TELEMAQUE TABLE="INTERLOCUTEUR" COLONNE="LIEUNAISSANCE" />
        <SEPARATEUR>'</SEPARATEUR>
        <TELEMAQUE TABLE="INTERLOCUTEUR" COLONNE="DATENAISSANCE" />
      </UTILISATEUR>
      <UTILISATEUR SLOT="3">
        <TELEMAQUE TABLE="INTERLOCUTEUR" COLONNE="DATENAISSANCE" />
      </UTILISATEUR>
      <UTILISATEUR SLOT="4">
        <SEPARATEUR>UTILISATEUR 4</SEPARATEUR>
      </UTILISATEUR>
      <UTILISATEUR SLOT="2">
        <SEPARATEUR>UTILISATEUR 4</SEPARATEUR>
      </UTILISATEUR>
    </UTILISATEURS>
  </SITE>
  <SITE ID="1rT35KbJivio2">
    <INITIALS>VISI</INITIALS>
    <USAGE_CNT>2</USAGE_CNT>
    <BID_FORMAT_ID>1</BID_FORMAT_ID>
    <FACILITY>-1</FACILITY>
    <TYPEPERSON>7</TYPEPERSON>
    <CATEGORY_ID>1</CATEGORY_ID>
    <FILTRE_PROFIL>NO</FILTRE_PROFIL>
    <SORTIE_SUPP>OUI</SORTIE_SUPP>
    <CREA_BDG>OUI</CREA_BDG>
    <GESTION_PROFILS>1</GESTION_PROFILS>
    <SQL>
      <HOST>/74oRlNTsh8/kYakcIzCWg==</HOST>
      <SERVICE>hSPaY+QpdUuS3zK+lvDZiQ==</SERVICE>
      <DATABASE>fqvc7OAHrr0iKVctp2dSLg==</DATABASE>
      <USERNAME>jvIefl64Q3mdCPsmsZL1Vg==</USERNAME>
      <PASSWORD>jvIefl64Q3mdCPsmsZL1Vg==</PASSWORD>
      <SERVER>/74oRlNTsh8/kYakcIzCWg==</SERVER>
    </SQL>
    <UTILISATEURS>
      <UTILISATEUR SLOT="1">
        <TELEMAQUE TABLE="INTERLOCUTEUR" COLONNE="LIEUNAISSANCE" />
        <SEPARATEUR>'</SEPARATEUR>
        <TELEMAQUE TABLE="INTERLOCUTEUR" COLONNE="DATENAISSANCE" />
      </UTILISATEUR>
      <UTILISATEUR SLOT="3">
        <TELEMAQUE TABLE="INTERLOCUTEUR" COLONNE="DATENAISSANCE" />
      </UTILISATEUR>
      <UTILISATEUR SLOT="4">
        <SEPARATEUR>UTILISATEUR 4</SEPARATEUR>
      </UTILISATEUR>
      <UTILISATEUR SLOT="2">
        <SEPARATEUR>UTILISATEUR 4</SEPARATEUR>
      </UTILISATEUR>
    </UTILISATEURS>
  </SITE>
  <SITE ID="rFO_vlOeaHEo31">
    <INITIALS>VISI</INITIALS>
    <USAGE_CNT>2</USAGE_CNT>
    <BID_FORMAT_ID>1</BID_FORMAT_ID>
    <FACILITY>-1</FACILITY>
    <TYPEPERSON>7</TYPEPERSON>
    <CATEGORY_ID>1</CATEGORY_ID>
    <FILTRE_PROFIL>NO</FILTRE_PROFIL>
    <SORTIE_SUPP>OUI</SORTIE_SUPP>
    <CREA_BDG>OUI</CREA_BDG>
    <GESTION_PROFILS>1</GESTION_PROFILS>
    <SQL>
      <HOST>/74oRlNTsh8/kYakcIzCWg==</HOST>
      <SERVICE>hSPaY+QpdUuS3zK+lvDZiQ==</SERVICE>
      <DATABASE>fqvc7OAHrr0iKVctp2dSLg==</DATABASE>
      <USERNAME>jvIefl64Q3mdCPsmsZL1Vg==</USERNAME>
      <PASSWORD>jvIefl64Q3mdCPsmsZL1Vg==</PASSWORD>
      <SERVER>/74oRlNTsh8/kYakcIzCWg==</SERVER>
    </SQL>
    <UTILISATEURS>
      <UTILISATEUR SLOT="1">
        <TELEMAQUE TABLE="INTERLOCUTEUR" COLONNE="LIEUNAISSANCE" />
        <SEPARATEUR>'</SEPARATEUR>
        <TELEMAQUE TABLE="INTERLOCUTEUR" COLONNE="DATENAISSANCE" />
      </UTILISATEUR>
      <UTILISATEUR SLOT="3">
        <TELEMAQUE TABLE="INTERLOCUTEUR" COLONNE="DATENAISSANCE" />
      </UTILISATEUR>
      <UTILISATEUR SLOT="4">
        <SEPARATEUR>UTILISATEUR 4</SEPARATEUR>
      </UTILISATEUR>
      <UTILISATEUR SLOT="2">
        <SEPARATEUR>UTILISATEUR 4</SEPARATEUR>
      </UTILISATEUR>
    </UTILISATEURS>
  </SITE>
  <SITE ID="631672">
    <INITIALS>VISI</INITIALS>
    <USAGE_CNT>2</USAGE_CNT>
    <BID_FORMAT_ID>1</BID_FORMAT_ID>
    <FACILITY>-1</FACILITY>
    <TYPEPERSON>7</TYPEPERSON>
    <CATEGORY_ID>1</CATEGORY_ID>
    <FILTRE_PROFIL>NO</FILTRE_PROFIL>
    <SORTIE_SUPP>OUI</SORTIE_SUPP>
    <CREA_BDG>OUI</CREA_BDG>
    <GESTION_PROFILS>1</GESTION_PROFILS>
    <SQL>
      <HOST>/74oRlNTsh8/kYakcIzCWg==</HOST>
      <SERVICE>hSPaY+QpdUuS3zK+lvDZiQ==</SERVICE>
      <DATABASE>fqvc7OAHrr0iKVctp2dSLg==</DATABASE>
      <USERNAME>jvIefl64Q3mdCPsmsZL1Vg==</USERNAME>
      <PASSWORD>jvIefl64Q3mdCPsmsZL1Vg==</PASSWORD>
      <SERVER>/74oRlNTsh8/kYakcIzCWg==</SERVER>
    </SQL>
    <UTILISATEURS>
      <UTILISATEUR SLOT="1">
        <TELEMAQUE TABLE="INTERLOCUTEUR" COLONNE="LIEUNAISSANCE" />
        <SEPARATEUR>'</SEPARATEUR>
        <TELEMAQUE TABLE="INTERLOCUTEUR" COLONNE="DATENAISSANCE" />
      </UTILISATEUR>
      <UTILISATEUR SLOT="3">
        <TELEMAQUE TABLE="INTERLOCUTEUR" COLONNE="DATENAISSANCE" />
      </UTILISATEUR>
      <UTILISATEUR SLOT="4">
        <SEPARATEUR>UTILISATEUR 4</SEPARATEUR>
      </UTILISATEUR>
      <UTILISATEUR SLOT="2">
        <SEPARATEUR>UTILISATEUR 4</SEPARATEUR>
      </UTILISATEUR>
    </UTILISATEURS>
  </SITE>
  <SITE ID="VPARDEFAUT">
    <INITIALS>VISI</INITIALS>
    <USAGE_CNT>2</USAGE_CNT>
    <BID_FORMAT_ID>1</BID_FORMAT_ID>
    <FACILITY>-1</FACILITY>
    <TYPEPERSON>7</TYPEPERSON>
    <CATEGORY_ID>1</CATEGORY_ID>
    <FILTRE_PROFIL>NO</FILTRE_PROFIL>
    <SORTIE_SUPP>OUI</SORTIE_SUPP>
    <CREA_BDG>OUI</CREA_BDG>
    <GESTION_PROFILS>1</GESTION_PROFILS>
    <SQL>
      <HOST>/74oRlNTsh8/kYakcIzCWg==</HOST>
      <SERVICE>hSPaY+QpdUuS3zK+lvDZiQ==</SERVICE>
      <DATABASE>fqvc7OAHrr0iKVctp2dSLg==</DATABASE>
      <USERNAME>jvIefl64Q3mdCPsmsZL1Vg==</USERNAME>
      <PASSWORD>jvIefl64Q3mdCPsmsZL1Vg==</PASSWORD>
      <SERVER>/74oRlNTsh8/kYakcIzCWg==</SERVER>
    </SQL>
    <UTILISATEURS>
      <UTILISATEUR SLOT="1">
        <TELEMAQUE TABLE="INTERLOCUTEUR" COLONNE="LIEUNAISSANCE" />
        <SEPARATEUR>'</SEPARATEUR>
        <TELEMAQUE TABLE="INTERLOCUTEUR" COLONNE="DATENAISSANCE" />
      </UTILISATEUR>
      <UTILISATEUR SLOT="3">
        <TELEMAQUE TABLE="INTERLOCUTEUR" COLONNE="DATENAISSANCE" />
      </UTILISATEUR>
      <UTILISATEUR SLOT="4">
        <SEPARATEUR>UTILISATEUR 4</SEPARATEUR>
      </UTILISATEUR>
      <UTILISATEUR SLOT="2">
        <SEPARATEUR>UTILISATEUR 4</SEPARATEUR>
      </UTILISATEUR>
    </UTILISATEURS>
  </SITE>
  <REQUETES>
    <PROFILS>SELECT id, description from category where description like ?</PROFILS>
    <NOUVEAU_BADGE>INSERT INTO BADGE (description, bid, status, person_id, issue_date, issue_time, issue_context, usage_count, bid_format_id, facility, modify_date, modify_time, expired_date, expired_time, expired_context) VALUES (?, ?, 0, ?, ?, ?, 1, ?, ?, ?, ?, ?, ?, ?, 1)</NOUVEAU_BADGE>
    <PERSONNEID>select Id from Person where trim(Employee)=trim(?)</PERSONNEID>
    <MAJ_PERSONNE>UPDATE Person SET status=0, first_Name=?, last_Name=?, employee=?, Type=?, modify_date=?, modify_time=?, initials=? where id=?</MAJ_PERSONNE>
    <NOUVELLE_PERSONNE>INSERT INTO Person (status, first_name, last_name, initials, facility, employee, type, modify_date, modify_time, apb) values (0, ?, ?, ?, ?, ?, ?, ?, ?, 0)</NOUVELLE_PERSONNE>
    <BADGEID>select id from Badge where trim(bid)=trim(?)</BADGEID>
    <MAJ_BADGE>UPDATE Badge SET Person_Id=?, status=0, modify_date=?, modify_time=?, expired_date=?, expired_time=?, expired_context=1, usage_count=? where Id=?</MAJ_BADGE>
    <MAXID_DROIT>select cast((NVL (max(id), 0)+1) as integer) from person_category</MAXID_DROIT>
    <NOUVEAUX_DROITS>Insert into Person_category (id,Person_Id, category_id, facility, slot_number, modify_date, modify_time) values (?, ?, ?,?,?,?,?) </NOUVEAUX_DROITS>
    <A_QUI_LE_BADGE>select Person_Id from Badge where trim(bid)=trim(?)</A_QUI_LE_BADGE>
    <MODIF_BADGE>UPDATE Badge SET status=5,person_id=null, modify_date=?,modify_time=?,expired_date=?,expired_time=?,expired_context=1 where trim(bid)=trim(?)</MODIF_BADGE>
    <MODIF_BADGE_DATE_COUNT>UPDATE Badge SET usage_count=?, modify_date=?,modify_time=?,expired_date=?,expired_time=? where trim(bid)=trim(?)</MODIF_BADGE_DATE_COUNT>
    <MODIF_PERSONNE>UPDATE Person SET status=1,modify_date=?,modify_time=? where id=?</MODIF_PERSONNE>
    <MODIF_PERSONNE_NOM>UPDATE Person SET first_Name=?, last_Name=?, modify_date=?,modify_time=? where id=?</MODIF_PERSONNE_NOM>
    <SUPP_DROITS>Delete person_category where person_id=?</SUPP_DROITS>
    <SUPP_PERSONNE>Delete person where Id=?</SUPP_PERSONNE>
    <BADGE_DISPO>select person_id,id from badge where trim(bid)=? AND ((status=5) or ((status=0) and ((expired_date&lt;?) or (expired_date=?) and (expired_time&lt;?)))) AND DESCRIPTION LIKE 'VISITEUR%'</BADGE_DISPO>
    <UTILISATEURID>select id from person_user where person_id=? and slot_number=?</UTILISATEURID>
    <NOUVEL_UTILISATEUR>INSERT INTO person_user (id, person_id, description, slot_number, facility, modify_date, modify_time) values (?,?,?,?,?,?,?)</NOUVEL_UTILISATEUR>
    <MAXID_UTILISATEUR>select cast((NVL (max(id), 0)+1) as integer) from person_user</MAXID_UTILISATEUR>
    <MAJ_UTILISATEUR>update person_user set description=?, modify_date=?, modify_time=? where person_id=? and slot_number=?</MAJ_UTILISATEUR>
  </REQUETES>
</ZCL21>