﻿<?xml version="1.0" encoding="utf-8"?>
<ZCL31>
  <SITE ID="0">
    <CREA_BDG>OUI</CREA_BDG>
    <SORTIE_SUPPRESSION>NON</SORTIE_SUPPRESSION>
    <PERSON_TYPE_ID>3</PERSON_TYPE_ID>
    <PROFIL_DEFAUT />
    <FILTRE_PROFIL />
    <SQL>
      <USERNAME>PVT1wLLUhbrujR2otBCZjw==</USERNAME>
      <PASSWORD>CHM1xMqqLvLbszYJeGhTfg==</PASSWORD>
      <SERVER>GaSBZ5R5dYWbyFa/JgVSaudlL8e9MYznSaVvhNEMOls=</SERVER>
    </SQL>
  </SITE>
  <SITE ID="dqGzht911Hae14">
    <CREA_BDG>OUI</CREA_BDG>
    <SORTIE_SUPPRESSION>NON</SORTIE_SUPPRESSION>
    <PERSON_TYPE_ID>3</PERSON_TYPE_ID>
    <PROFIL_DEFAUT />
    <FILTRE_PROFIL />
    <SQL>
      <USERNAME>PVT1wLLUhbrujR2otBCZjw==</USERNAME>
      <PASSWORD>CHM1xMqqLvLbszYJeGhTfg==</PASSWORD>
      <SERVER>GaSBZ5R5dYWbyFa/JgVSaudlL8e9MYznSaVvhNEMOls=</SERVER>
    </SQL>
  </SITE>
  <SITE ID="gIe3uoh11HaS0">
    <CREA_BDG>OUI</CREA_BDG>
    <SORTIE_SUPPRESSION>NON</SORTIE_SUPPRESSION>
    <PERSON_TYPE_ID>3</PERSON_TYPE_ID>
    <PROFIL_DEFAUT />
    <FILTRE_PROFIL />
    <SQL>
      <USERNAME>PVT1wLLUhbrujR2otBCZjw==</USERNAME>
      <PASSWORD>CHM1xMqqLvLbszYJeGhTfg==</PASSWORD>
      <SERVER>GaSBZ5R5dYWbyFa/JgVSaudlL8e9MYznSaVvhNEMOls=</SERVER>
    </SQL>
  </SITE>
  <REQUETES>
    <LISTE_PROFILS>select id, cast(description as varchar(64)) as description from accessrighttable where description like @filtre</LISTE_PROFILS>
    <LISTE_BADGES>select cast(encodednumber as varchar(20)) as encodednumber from badgetable where status=1 or status=2</LISTE_BADGES>
    <LISTE_BADGES_DISPONIBLES>select b.encodednumber from badgetable b, persontable p where b.personid = p.id and ((status=2) or ((status=1) and (duedate&lt;@maintenant))) and p.persontypeid = @persontypeid</LISTE_BADGES_DISPONIBLES>
    <BADGE_DISPONIBLE>select b.encodednumber from badgetable b, persontable p where cast(encodednumber as varchar(20))=@numbadge and b.personid = p.id and ((status=2) or ((status=1) and (duedate&lt;@maintenant))) and p.persontypeid = @persontypeid</BADGE_DISPONIBLE>
    <NOUVELLE_PERSONNE>insert into persontable (firstname,lastname,employeenumber,persontypeid,address1,modified) values (@firstname,@lastname,@employeenumber,@persontypeid,@address1,@modified)</NOUVELLE_PERSONNE>
    <ID_PERSONNE>select id from persontable where cast(employeenumber as varchar(12))=@employeenumber</ID_PERSONNE>
    <MAJ_PERSONNE>update persontable set firstname=@firstname,lastname=@lastname,employeenumber=@employeenumber,persontypeid=@persontypeid,address1=@address1,modified=@modified where id=@id</MAJ_PERSONNE>
    <NOUVEAU_BADGE>insert into badgetable (description,encodednumber,aliasnumber,status,facilityid,issuedate,modified,personid,duedate) values (@description,@encodednumber,@aliasnumber,1,1,0.0,@modified,@personid,@duedate)</NOUVEAU_BADGE>
    <ID_BADGE>select id from badgetable where cast(encodednumber as varchar(20))=@numbadge</ID_BADGE>
    <NOUVEAUX_DROITS>insert into personaccessrightmaptable (personid,accessrightid) values (@personid,@accessrightid)</NOUVEAUX_DROITS>
    <A_QUI_LE_BADGE>select personid from badgetable where cast(encodednumber as varchar(20))=@encodednumber</A_QUI_LE_BADGE>
    <LIBERE_BADGE>update badgetable set status=2,modified=@modified, duedate=@duedate where cast(encodednumber as varchar(20))=@encodednumber</LIBERE_BADGE>
    <SUPP_DROITS>delete personaccessrightmaptable where personid=@personid</SUPP_DROITS>
    <SUPP_PERSONNE>delete persontable where id=@personid</SUPP_PERSONNE>
    <MAJ_BADGE>update badgeTable set personid=@identifiantvisiteur,status=1,modified=@modified,duedate=@duedate where id=@badgeid</MAJ_BADGE>
  </REQUETES>
</ZCL31>