﻿<?xml version="1.0" encoding="utf-8"?>
<ZCL36>
  <SITE ID="0">
    <SQL>
      <USERNAME></USERNAME>
      <PASSWORD></PASSWORD>
      <SERVER></SERVER>
      <TYPE></TYPE>
    </SQL>
  </SITE>
  <SITE ID="1B1qdQN11HaS0">
    <SQL>
      <USERNAME>fBeIB3E3Msl3NZUq25yH8Q==</USERNAME>
      <PASSWORD>fBeIB3E3Msl3NZUq25yH8Q==</PASSWORD>
      <SERVER>TT8MIPOj2dXjJOYk0RpvRvYTOucORTlXEp5R5KVV4SU=</SERVER>
      <TYPE>1GQN6TdgrTdYYkMM9ZrTgQ==</TYPE>
    </SQL>
  </SITE>
  <SITE ID="VPARDEFAUT">
    <SQL>
      <USERNAME>fBeIB3E3Msl3NZUq25yH8Q==</USERNAME>
      <PASSWORD>fBeIB3E3Msl3NZUq25yH8Q==</PASSWORD>
      <SERVER>TT8MIPOj2dXjJOYk0RpvRvYTOucORTlXEp5R5KVV4SU=</SERVER>
      <TYPE>1GQN6TdgrTdYYkMM9ZrTgQ==</TYPE>
    </SQL>
  </SITE>
  <REQUETES>
    <TARGET_LISTE_REDUITE>SELECT * FROM (select em_id, name_badge_last, name_badge_first,bl_id from em where bl_id not like '%BADG%' and status=1 and name_badge_last like UPPER(':SEARCH%') order by name_badge_last) WHERE ROWNUM&lt;21</TARGET_LISTE_REDUITE>
    <TARGET_LISTE_DETAIL>select em_id, name_badge_last, name_badge_first, mailstop as Service, email, phone, assistant1, phone_assis1, assistant2, phone_assis2,site_id,bl_id, rm_id, bu_id as Societe,dv_id as Direction,dp_id as Departement,rest_contract_type as Fonction  from em where bl_id not like '%BADG%' and em_id=':SEARCH'</TARGET_LISTE_DETAIL>
    <TARGET_BUREAU>select site_id, bl_id, bl_id||' '||rm_id from em where em_id=':SEARCH' and site_id=':SITEID' UNION select site_id, bl_id, bl_id||' '||rm_id from rmpct where em_id=':SEARCH' and site_id=':SITEID'</TARGET_BUREAU>
    <TARGET_ASCENCEUR>select 0 as vide from DUAL</TARGET_ASCENCEUR>
	<TARGET_PHOTO>select picture_ref as PREMIER from EM where em_id=':SEARCH'</TARGET_PHOTO>
    <EM_ENTREE>insert into cont_acces (acces_id, em_id, date_created, time_created, evenement, type_action, site_dest, site_id, visit_id, num_prox_visit, type_trait, num_prox, name_badge_last, name_badge_first, date_contract_begin, date_contract_end, bl_id, dp_id, dp_name, bu_id, rest_contract_type, date_modified, time_modified, status, type_info, name_visitor_last, name_visitor_first, heure_debut, heure_fin, fl_id, in_rm_id, email) select AFM_CONT_ACCES_S.nextVal,:EM_ID,to_date(to_char(sysdate, 'dd/mm/yyyy'), 'dd/mm/yyyy'),to_date(to_char(sysdate, 'dd/mm/yyyy HH24:mi:ss'), 'dd/mm/yyyy HH24:mi:ss'),'CRE','A',:SITE,:SITE,:VISITENUMERO,:VISITEBADGE,'I',em.num_prox,em.name_badge_last,em.name_badge_first,em.date_contract_begin,em.date_contract_end,em.bl_id,em.dp_id,dp.name,em.bu_id,em.rest_contract_type,NULL,NULL,0,1,substr(:VISITEURNOM,1,25),substr(:VISITEURPRENOM,1,25),to_date(to_char(sysdate, 'dd/mm/yyyy HH24:mi:ss'), 'dd/mm/yyyy HH24:mi:ss'),NULL,em.fl_id,em.rm_id,em.email from em join dp on em.dp_id=dp.dp_id where em_id=:EM_ID and em.dv_id=dp.dv_id</EM_ENTREE>
    <EM_SORTIE>insert into cont_acces (acces_id, em_id, date_created, time_created, evenement, type_action, site_dest, site_id, visit_id, num_prox_visit, type_trait, num_prox, name_badge_last, name_badge_first, date_contract_begin, date_contract_end, bl_id, dp_id, dp_name, bu_id, rest_contract_type, date_modified, time_modified, status, type_info, name_visitor_last, name_visitor_first, heure_debut, heure_fin, fl_id, in_rm_id, email) select AFM_CONT_ACCES_S.nextVal,:EM_ID,to_date(to_char(sysdate, 'dd/mm/yyyy'), 'dd/mm/yyyy'),to_date(to_char(sysdate, 'dd/mm/yyyy HH24:mi:ss'), 'dd/mm/yyyy HH24:mi:ss'),'FIN','D',:SITE,:SITE,:VISITENUMERO,:VISITEBADGE,'I',em.num_prox,em.name_badge_last,em.name_badge_first,em.date_contract_begin,em.date_contract_end,em.bl_id,em.dp_id,dp.name,em.bu_id,em.rest_contract_type,NULL,NULL,0,1,substr(:VISITEURNOM,1,25),substr(:VISITEURPRENOM,1,25),to_date(to_char(sysdate, 'dd/mm/yyyy HH24:mi:ss'), 'dd/mm/yyyy HH24:mi:ss'),to_date(to_char(sysdate, 'dd/mm/yyyy HH24:mi:ss'), 'dd/mm/yyyy HH24:mi:ss'),em.fl_id,em.rm_id,em.email from em join dp on em.dp_id=dp.dp_id where em_id=:EM_ID AND :VISITEBADGE IS NOT NULL and em.dv_id=dp.dv_id</EM_SORTIE>
    <EM_FIN>UPDATE CONT_ACCES SET HEURE_DEBUT=(SELECT HEURE_DEBUT FROM CONT_ACCES WHERE VISIT_ID=:VISIT_ID AND EVENEMENT='CRE') WHERE VISIT_ID=:VISIT_ID AND EVENEMENT='FIN'</EM_FIN>
    <GEST_VISIT>SELECT GEST_VISIT FROM SITE WHERE SITE_ID=:SITEID</GEST_VISIT>
  </REQUETES>
</ZCL36>