﻿<?xml version="1.0" encoding="utf-8"?>
<ZCL33>
  <SITE ID="0">
    <PROFIL_DEFAUT>
    </PROFIL_DEFAUT>
    <FILTRE_PROFIL>
    </FILTRE_PROFIL>
    <OWNER>
    </OWNER>
    <SQL>
      <USERNAME>PVT1wLLUhbrujR2otBCZjw==</USERNAME>
      <PASSWORD>CHM1xMqqLvLbszYJeGhTfg==</PASSWORD>
      <SERVER>GaSBZ5R5dYWbyFa/JgVSaudlL8e9MYznSaVvhNEMOls=</SERVER>
    </SQL>
    <MODE>1</MODE>
  </SITE>
  <SITE ID="D7EucXG11HaS0">
    <PROFIL_DEFAUT>
    </PROFIL_DEFAUT>
    <FILTRE_PROFIL>
    </FILTRE_PROFIL>
    <OWNER>
    </OWNER>
    <SQL>
      <USERNAME>PVT1wLLUhbrujR2otBCZjw==</USERNAME>
      <PASSWORD>CHM1xMqqLvLbszYJeGhTfg==</PASSWORD>
      <SERVER>GaSBZ5R5dYWbyFa/JgVSaudlL8e9MYznSaVvhNEMOls=</SERVER>
    </SQL>
    <MODE>1</MODE>
  </SITE>
  <SITE ID="">
    <PROFIL_DEFAUT>
    </PROFIL_DEFAUT>
    <FILTRE_PROFIL>
    </FILTRE_PROFIL>
    <OWNER>
    </OWNER>
    <SQL>
      <USERNAME>PVT1wLLUhbrujR2otBCZjw==</USERNAME>
      <PASSWORD>CHM1xMqqLvLbszYJeGhTfg==</PASSWORD>
      <SERVER>GaSBZ5R5dYWbyFa/JgVSaudlL8e9MYznSaVvhNEMOls=</SERVER>
    </SQL>
    <MODE>1</MODE>
  </SITE>
  <SITE ID="fh">
    <PROFIL_DEFAUT>
    </PROFIL_DEFAUT>
    <FILTRE_PROFIL>
    </FILTRE_PROFIL>
    <OWNER>
    </OWNER>
    <SQL>
      <USERNAME>PVT1wLLUhbrujR2otBCZjw==</USERNAME>
      <PASSWORD>CHM1xMqqLvLbszYJeGhTfg==</PASSWORD>
      <SERVER>GaSBZ5R5dYWbyFa/JgVSaudlL8e9MYznSaVvhNEMOls=</SERVER>
    </SQL>
    <MODE>1</MODE>
  </SITE>
  <SITE ID="papap">
    <PROFIL_DEFAUT>
    </PROFIL_DEFAUT>
    <FILTRE_PROFIL>
    </FILTRE_PROFIL>
    <OWNER>
    </OWNER>
    <SQL>
      <USERNAME>PVT1wLLUhbrujR2otBCZjw==</USERNAME>
      <PASSWORD>CHM1xMqqLvLbszYJeGhTfg==</PASSWORD>
      <SERVER>GaSBZ5R5dYWbyFa/JgVSaudlL8e9MYznSaVvhNEMOls=</SERVER>
    </SQL>
    <MODE>1</MODE>
  </SITE>
  <TYPE_PERSONNE>
  </TYPE_PERSONNE>
  <REQUETES>
    <LISTE_PROFILS>Exec dbo.Modele</LISTE_PROFILS>
    <LISTE_PERIMETRE>Exec dbo.Perimetre @NomModele</LISTE_PERIMETRE>
    <PERSON_NEW>insert into ChequeTable ([CardNumber],[Firstname],[Lastname],[Visitor] ,[Template],[UpdateType],[State],[Owner])values (@CardNumber,@Firstname,@Lastname,1,@Template,'U',1,@Owner)</PERSON_NEW>
    <PERSON_UPDATE>update ChequeTable set [Firstname]=@Firstname,[Lastname]=@Lastname,[Visitor]=1,[Template]=@Template,[UpdateType]='U',[State]=1,[Owner]=@Owner where [CardNumber]=@CardNumber</PERSON_UPDATE>
    <PERSON_DEL>update ChequeTable set [UpdateType]='D',[State]=0 where [CardNumber]=@CardNumber</PERSON_DEL>
    <PERSON_ACTIVE>Exec dbo.ChequeNewCards</PERSON_ACTIVE>
    <BADGE_EXISTE>select [CardNumber] from ChequeTable where [CardNumber]=@CardNumber</BADGE_EXISTE>
    <Q2_LISTE_PROFILS>SELECT ltrim(ObjectIdHi)+'-'+ltrim(ObjectIdLo) AS ID, uiName AS AREA FROM Area</Q2_LISTE_PROFILS>
    <Q2_TARGET_LECTEUR>SELECT  ltrim(A.ObjectIdHi)+'-'+ltrim(A.ObjectIdLo) AS AreaID, A.uiName AS AREA, ltrim(D.ObjectIdHi)+'-'+ltrim(D.ObjectIdLo) AS DoorID,D.uiName AS DOOR FROM Area A, Door D, DoorList DL WHERE DL.DoorIdHi=D.ObjectIdHi AND DL.DoorIdLo=D.ObjectIdLo AND DL.AreaIdHi=A.ObjectIdHi AND DL.AreaIdLo=A.ObjectIdLo</Q2_TARGET_LECTEUR>
    <Q2_LOG_EXPORT>select ltrim(ObjectIdHi)+'-'+ltrim(ObjectIdLo) AS LogID, SUBSTRING(CONVERT(CHAR,TimeOfLog,103),1,10)+' '+SUBSTRING(CONVERT(CHAR,TimeOfLog,8),1,8) AS LogHeure, DoorName AS Lecteur,Description as 'Desc', EventMessage as EventName,ltrim(DoorIdHi)+'-'+ltrim(DoorIdLo) AS LecteurID,CardNumber as Badge,'personne societe' AS personneSociete,PersonName AS PersonneNom, 'personne prenom' AS PersonnePrenom, 'xx' AS Type,AreaName from AccessEvent_View</Q2_LOG_EXPORT>
  </REQUETES>
</ZCL33>