<?xml version="1.0" encoding="UTF-8" ?>
<report>
	<location city="Amsterdam [Hollande-Septentrionale;Pays-Bas]">
		<interesting>
			<url description="Prévisions météo">https://www.tameteo.com/meteo_Amsterdam-Europe-Pays+bas-Noord+Holland-EHAM-1-9198.html</url>
		</interesting>
		<day value="20220502" name="Lundi">
			<symbol value="3" desc="Ciel nuageux" value2="3" desc2="Ciel nuageux"/>
			<tempmin value="2" unit="°C"/>
			<tempmax value="9" unit="°C"/>
			<wind value="11" unit="km/h" symbol="14" symbolB="38"/>
			<wind-gusts value="23" unit="km/h"/>
			<rain value="0" unit="mm"/>
			<humidity value="88"/>
			<pressure value="1031" unit="mb"/>
			<snowline value="1800" unit="m"/>
			<uv_index_max value="0"/>
			<sun in="08:14" mid="12:53" out="17:34"/>
			<moon in="14:05" out="06:14" lumi="89.4%" desc="Lune croissante, 89.4% Éclairée" symbol="11"/>
			<local_info local_time="11:08" offset="1"/>
			<hour value="01:00">
				<temp value="4" unit="°C"/>
				<symbol value="2" desc="Intervalles nuageux" value2="2" desc2="Intervalles nuageux"/>
				<wind value="10" unit="km/h" dir="W" symbol="7" symbolB="31"/>
				<wind-gusts value="17" unit="km/h"/>
				<rain value="0" unit="mm"/>
				<humidity value="92"/>
				<pressure value="1034" unit="mb"/>
				<clouds value="45%"/>
				<snowline value="1800" unit="m"/>
				<windchill value="2" unit="°C"/>
				<uv_index value="0"/>
			</hour>
			<hour value="02:00">
				<temp value="3" unit="°C"/>
				<symbol value="2" desc="Intervalles nuageux" value2="2" desc2="Intervalles nuageux"/>
				<wind value="11" unit="km/h" dir="SW" symbol="6" symbolB="30"/>
				<wind-gusts value="17" unit="km/h"/>
				<rain value="0" unit="mm"/>
				<humidity value="91"/>
				<pressure value="1033" unit="mb"/>
				<clouds value="37%"/>
				<snowline value="2300" unit="m"/>
				<windchill value="0" unit="°C"/>
				<uv_index value="0"/>
			</hour>
			<hour value="03:00">
				<temp value="3" unit="°C"/>
				<symbol value="2" desc="Intervalles nuageux" value2="2" desc2="Intervalles nuageux"/>
				<wind value="11" unit="km/h" dir="SW" symbol="6" symbolB="30"/>
				<wind-gusts value="17" unit="km/h"/>
				<rain value="0" unit="mm"/>
				<humidity value="92"/>
				<pressure value="1033" unit="mb"/>
				<clouds value="40%"/>
				<snowline value="2300" unit="m"/>
				<windchill value="1" unit="°C"/>
				<uv_index value="0"/>
			</hour>
			<hour value="04:00">
				<temp value="4" unit="°C"/>
				<symbol value="2" desc="Intervalles nuageux" value2="2" desc2="Intervalles nuageux"/>
				<wind value="10" unit="km/h" dir="SW" symbol="6" symbolB="30"/>
				<wind-gusts value="17" unit="km/h"/>
				<rain value="0" unit="mm"/>
				<humidity value="92"/>
				<pressure value="1033" unit="mb"/>
				<clouds value="44%"/>
				<snowline value="2300" unit="m"/>
				<windchill value="1" unit="°C"/>
				<uv_index value="0"/>
			</hour>
			<hour value="05:00">
				<temp value="4" unit="°C"/>
				<symbol value="2" desc="Intervalles nuageux" value2="2" desc2="Intervalles nuageux"/>
				<wind value="10" unit="km/h" dir="SW" symbol="6" symbolB="30"/>
				<wind-gusts value="18" unit="km/h"/>
				<rain value="0" unit="mm"/>
				<humidity value="93"/>
				<pressure value="1032" unit="mb"/>
				<clouds value="47%"/>
				<snowline value="2300" unit="m"/>
				<windchill value="2" unit="°C"/>
				<uv_index value="0"/>
			</hour>
			<hour value="06:00">
				<temp value="4" unit="°C"/>
				<symbol value="2" desc="Intervalles nuageux" value2="2" desc2="Intervalles nuageux"/>
				<wind value="10" unit="km/h" dir="SW" symbol="6" symbolB="30"/>
				<wind-gusts value="18" unit="km/h"/>
				<rain value="0" unit="mm"/>
				<humidity value="94"/>
				<pressure value="1032" unit="mb"/>
				<clouds value="51%"/>
				<snowline value="2300" unit="m"/>
				<windchill value="2" unit="°C"/>
				<uv_index value="0"/>
			</hour>
			<hour value="07:00">
				<temp value="4" unit="°C"/>
				<symbol value="2" desc="Intervalles nuageux" value2="2" desc2="Intervalles nuageux"/>
				<wind value="10" unit="km/h" dir="W" symbol="7" symbolB="31"/>
				<wind-gusts value="18" unit="km/h"/>
				<rain value="0" unit="mm"/>
				<humidity value="94"/>
				<pressure value="1032" unit="mb"/>
				<clouds value="54%"/>
				<snowline value="2300" unit="m"/>
				<windchill value="2" unit="°C"/>
				<uv_index value="0"/>
			</hour>
			<hour value="08:00">
				<temp value="5" unit="°C"/>
				<symbol value="3" desc="Ciel nuageux" value2="3" desc2="Ciel nuageux"/>
				<wind value="10" unit="km/h" dir="W" symbol="7" symbolB="31"/>
				<wind-gusts value="17" unit="km/h"/>
				<rain value="0" unit="mm"/>
				<humidity value="93"/>
				<pressure value="1032" unit="mb"/>
				<clouds value="61%"/>
				<snowline value="2300" unit="m"/>
				<windchill value="3" unit="°C"/>
				<uv_index value="0"/>
			</hour>
			<hour value="09:00">
				<temp value="6" unit="°C"/>
				<symbol value="3" desc="Ciel nuageux" value2="3" desc2="Ciel nuageux"/>
				<wind value="9" unit="km/h" dir="W" symbol="7" symbolB="31"/>
				<wind-gusts value="17" unit="km/h"/>
				<rain value="0" unit="mm"/>
				<humidity value="91"/>
				<pressure value="1031" unit="mb"/>
				<clouds value="68%"/>
				<snowline value="2300" unit="m"/>
				<windchill value="4" unit="°C"/>
				<uv_index value="0"/>
			</hour>
			<hour value="10:00">
				<temp value="6" unit="°C"/>
				<symbol value="3" desc="Ciel nuageux" value2="3" desc2="Ciel nuageux"/>
				<wind value="9" unit="km/h" dir="W" symbol="7" symbolB="31"/>
				<wind-gusts value="17" unit="km/h"/>
				<rain value="0" unit="mm"/>
				<humidity value="88"/>
				<pressure value="1031" unit="mb"/>
				<clouds value="76%"/>
				<snowline value="2300" unit="m"/>
				<windchill value="5" unit="°C"/>
				<uv_index value="0"/>
			</hour>
			<hour value="11:00">
				<temp value="7" unit="°C"/>
				<symbol value="3" desc="Ciel nuageux" value2="3" desc2="Ciel nuageux"/>
				<wind value="9" unit="km/h" dir="W" symbol="7" symbolB="31"/>
				<wind-gusts value="19" unit="km/h"/>
				<rain value="0" unit="mm"/>
				<humidity value="82"/>
				<pressure value="1031" unit="mb"/>
				<clouds value="84%"/>
				<snowline value="2200" unit="m"/>
				<windchill value="6" unit="°C"/>
				<uv_index value="0"/>
			</hour>
			<hour value="12:00">
				<temp value="8" unit="°C"/>
				<symbol value="3" desc="Ciel nuageux" value2="3" desc2="Ciel nuageux"/>
				<wind value="9" unit="km/h" dir="W" symbol="15" symbolB="39"/>
				<wind-gusts value="22" unit="km/h"/>
				<rain value="0" unit="mm"/>
				<humidity value="76"/>
				<pressure value="1031" unit="mb"/>
				<clouds value="91%"/>
				<snowline value="2200" unit="m"/>
				<windchill value="6" unit="°C"/>
				<uv_index value="0"/>
			</hour>
			<hour value="13:00">
				<temp value="8" unit="°C"/>
				<symbol value="4" desc="Ciel couvert" value2="4" desc2="Ciel couvert"/>
				<wind value="9" unit="km/h" dir="W" symbol="15" symbolB="39"/>
				<wind-gusts value="23" unit="km/h"/>
				<rain value="0" unit="mm"/>
				<humidity value="73"/>
				<pressure value="1031" unit="mb"/>
				<clouds value="99%"/>
				<snowline value="2200" unit="m"/>
				<windchill value="7" unit="°C"/>
				<uv_index value="0"/>
			</hour>
			<hour value="14:00">
				<temp value="8" unit="°C"/>
				<symbol value="3" desc="Ciel nuageux" value2="3" desc2="Ciel nuageux"/>
				<wind value="9" unit="km/h" dir="W" symbol="15" symbolB="39"/>
				<wind-gusts value="23" unit="km/h"/>
				<rain value="0" unit="mm"/>
				<humidity value="71"/>
				<pressure value="1031" unit="mb"/>
				<clouds value="96%"/>
				<snowline value="2200" unit="m"/>
				<windchill value="7" unit="°C"/>
				<uv_index value="0"/>
			</hour>
			<hour value="15:00">
				<temp value="8" unit="°C"/>
				<symbol value="3" desc="Ciel nuageux" value2="3" desc2="Ciel nuageux"/>
				<wind value="8" unit="km/h" dir="W" symbol="15" symbolB="39"/>
				<wind-gusts value="21" unit="km/h"/>
				<rain value="0" unit="mm"/>
				<humidity value="71"/>
				<pressure value="1031" unit="mb"/>
				<clouds value="92%"/>
				<snowline value="2200" unit="m"/>
				<windchill value="7" unit="°C"/>
				<uv_index value="0"/>
			</hour>
			<hour value="16:00">
				<temp value="8" unit="°C"/>
				<symbol value="3" desc="Ciel nuageux" value2="3" desc2="Ciel nuageux"/>
				<wind value="8" unit="km/h" dir="W" symbol="7" symbolB="31"/>
				<wind-gusts value="19" unit="km/h"/>
				<rain value="0" unit="mm"/>
				<humidity value="74"/>
				<pressure value="1031" unit="mb"/>
				<clouds value="88%"/>
				<snowline value="2300" unit="m"/>
				<windchill value="7" unit="°C"/>
				<uv_index value="0"/>
			</hour>
			<hour value="17:00">
				<temp value="7" unit="°C"/>
				<symbol value="3" desc="Ciel nuageux" value2="3" desc2="Ciel nuageux"/>
				<wind value="7" unit="km/h" dir="W" symbol="7" symbolB="31"/>
				<wind-gusts value="18" unit="km/h"/>
				<rain value="0" unit="mm"/>
				<humidity value="79"/>
				<pressure value="1031" unit="mb"/>
				<clouds value="68%"/>
				<snowline value="2400" unit="m"/>
				<windchill value="6" unit="°C"/>
				<uv_index value="0"/>
			</hour>
			<hour value="18:00">
				<temp value="5" unit="°C"/>
				<symbol value="2" desc="Intervalles nuageux" value2="2" desc2="Intervalles nuageux"/>
				<wind value="6" unit="km/h" dir="W" symbol="7" symbolB="31"/>
				<wind-gusts value="16" unit="km/h"/>
				<rain value="0" unit="mm"/>
				<humidity value="88"/>
				<pressure value="1031" unit="mb"/>
				<clouds value="48%"/>
				<snowline value="2700" unit="m"/>
				<windchill value="4" unit="°C"/>
				<uv_index value="0"/>
			</hour>
			<hour value="19:00">
				<temp value="4" unit="°C"/>
				<symbol value="2" desc="Intervalles nuageux" value2="2" desc2="Intervalles nuageux"/>
				<wind value="6" unit="km/h" dir="W" symbol="7" symbolB="31"/>
				<wind-gusts value="15" unit="km/h"/>
				<rain value="0" unit="mm"/>
				<humidity value="95"/>
				<pressure value="1031" unit="mb"/>
				<clouds value="28%"/>
				<snowline value="2900" unit="m"/>
				<windchill value="3" unit="°C"/>
				<uv_index value="0"/>
			</hour>
			<hour value="20:00">
				<temp value="4" unit="°C"/>
				<symbol value="2" desc="Intervalles nuageux" value2="2" desc2="Intervalles nuageux"/>
				<wind value="5" unit="km/h" dir="W" symbol="7" symbolB="31"/>
				<wind-gusts value="13" unit="km/h"/>
				<rain value="0" unit="mm"/>
				<humidity value="98"/>
				<pressure value="1031" unit="mb"/>
				<clouds value="28%"/>
				<snowline value="2900" unit="m"/>
				<windchill value="3" unit="°C"/>
				<uv_index value="0"/>
			</hour>
			<hour value="21:00">
				<temp value="4" unit="°C"/>
				<symbol value="2" desc="Intervalles nuageux" value2="2" desc2="Intervalles nuageux"/>
				<wind value="4" unit="km/h" dir="W" symbol="7" symbolB="31"/>
				<wind-gusts value="12" unit="km/h"/>
				<rain value="0" unit="mm"/>
				<humidity value="98"/>
				<pressure value="1030" unit="mb"/>
				<clouds value="28%"/>
				<snowline value="2900" unit="m"/>
				<windchill value="4" unit="°C"/>
				<uv_index value="0"/>
			</hour>
			<hour value="22:00">
				<temp value="4" unit="°C"/>
				<symbol value="2" desc="Intervalles nuageux" value2="2" desc2="Intervalles nuageux"/>
				<wind value="3" unit="km/h" dir="W" symbol="7" symbolB="23"/>
				<wind-gusts value="10" unit="km/h"/>
				<rain value="0" unit="mm"/>
				<humidity value="98"/>
				<pressure value="1030" unit="mb"/>
				<clouds value="29%"/>
				<snowline value="2900" unit="m"/>
				<windchill value="4" unit="°C"/>
				<uv_index value="0"/>
			</hour>
			<hour value="23:00">
				<temp value="3" unit="°C"/>
				<symbol value="2" desc="Intervalles nuageux" value2="2" desc2="Intervalles nuageux"/>
				<wind value="3" unit="km/h" dir="SW" symbol="6" symbolB="22"/>
				<wind-gusts value="9" unit="km/h"/>
				<rain value="0" unit="mm"/>
				<humidity value="99"/>
				<pressure value="1030" unit="mb"/>
				<clouds value="52%"/>
				<snowline value="2900" unit="m"/>
				<windchill value="4" unit="°C"/>
				<uv_index value="0"/>
			</hour>
			<hour value="24:00">
				<temp value="2" unit="°C"/>
				<symbol value="3" desc="Ciel nuageux" value2="3" desc2="Ciel nuageux"/>
				<wind value="4" unit="km/h" dir="S" symbol="5" symbolB="21"/>
				<wind-gusts value="9" unit="km/h"/>
				<rain value="0" unit="mm"/>
				<humidity value="99"/>
				<pressure value="1030" unit="mb"/>
				<clouds value="76%"/>
				<snowline value="2900" unit="m"/>
				<windchill value="2" unit="°C"/>
				<uv_index value="0"/>
			</hour>
		</day>
		<day value="20220503" name="Mardi">
			<symbol value="3" desc="Ciel nuageux" value2="3" desc2="Ciel nuageux"/>
			<tempmin value="1" unit="°C"/>
			<tempmax value="9" unit="°C"/>
			<wind value="19" unit="km/h" symbol="13" symbolB="45"/>
			<wind-gusts value="34" unit="km/h"/>
			<rain value="0" unit="mm"/>
			<humidity value="82"/>
			<pressure value="1025" unit="mb"/>
			<snowline value="2300" unit="m"/>
			<uv_index_max value="1"/>
			<sun in="08:12" mid="12:53" out="17:36"/>
			<moon in="15:09" out="07:12" lumi="95.28%" desc="Lune croissante, 95.28% Éclairée" symbol="12"/>
			<local_info local_time="11:08" offset="1"/>
			<hour value="01:00">
				<temp value="2" unit="°C"/>
				<symbol value="4" desc="Brouillard" value2="4" desc2="Brouillard"/>
				<wind value="6" unit="km/h" dir="S" symbol="5" symbolB="21"/>
				<wind-gusts value="8" unit="km/h"/>
				<rain value="0" unit="mm"/>
				<humidity value="99"/>
				<pressure value="1030" unit="mb"/>
				<clouds value="100%"/>
				<snowline value="2900" unit="m"/>
				<windchill value="0" unit="°C"/>
				<uv_index value="0"/>
			</hour>
			<hour value="02:00">
				<temp value="1" unit="°C"/>
				<symbol value="4" desc="Brouillard" value2="4" desc2="Brouillard"/>
				<wind value="6" unit="km/h" dir="S" symbol="5" symbolB="21"/>
				<wind-gusts value="9" unit="km/h"/>
				<rain value="0" unit="mm"/>
				<humidity value="99"/>
				<pressure value="1030" unit="mb"/>
				<clouds value="100%"/>
				<snowline value="2900" unit="m"/>
				<windchill value="0" unit="°C"/>
				<uv_index value="0"/>
			</hour>
			<hour value="03:00">
				<temp value="1" unit="°C"/>
				<symbol value="4" desc="Brouillard" value2="4" desc2="Brouillard"/>
				<wind value="5" unit="km/h" dir="SE" symbol="4" symbolB="20"/>
				<wind-gusts value="9" unit="km/h"/>
				<rain value="0" unit="mm"/>
				<humidity value="99"/>
				<pressure value="1029" unit="mb"/>
				<clouds value="100%"/>
				<snowline value="2900" unit="m"/>
				<windchill value="0" unit="°C"/>
				<uv_index value="0"/>
			</hour>
			<hour value="04:00">
				<temp value="2" unit="°C"/>
				<symbol value="4" desc="Brouillard" value2="4" desc2="Brouillard"/>
				<wind value="5" unit="km/h" dir="SE" symbol="4" symbolB="20"/>
				<wind-gusts value="10" unit="km/h"/>
				<rain value="0" unit="mm"/>
				<humidity value="99"/>
				<pressure value="1029" unit="mb"/>
				<clouds value="100%"/>
				<snowline value="2900" unit="m"/>
				<windchill value="1" unit="°C"/>
				<uv_index value="0"/>
			</hour>
			<hour value="05:00">
				<temp value="2" unit="°C"/>
				<symbol value="3" desc="Ciel nuageux" value2="3" desc2="Ciel nuageux"/>
				<wind value="6" unit="km/h" dir="SE" symbol="4" symbolB="20"/>
				<wind-gusts value="11" unit="km/h"/>
				<rain value="0" unit="mm"/>
				<humidity value="98"/>
				<pressure value="1029" unit="mb"/>
				<clouds value="92%"/>
				<snowline value="2900" unit="m"/>
				<windchill value="1" unit="°C"/>
				<uv_index value="0"/>
			</hour>
			<hour value="06:00">
				<temp value="2" unit="°C"/>
				<symbol value="3" desc="Ciel nuageux" value2="3" desc2="Ciel nuageux"/>
				<wind value="7" unit="km/h" dir="SE" symbol="4" symbolB="28"/>
				<wind-gusts value="13" unit="km/h"/>
				<rain value="0" unit="mm"/>
				<humidity value="98"/>
				<pressure value="1028" unit="mb"/>
				<clouds value="83%"/>
				<snowline value="2900" unit="m"/>
				<windchill value="1" unit="°C"/>
				<uv_index value="0"/>
			</hour>
			<hour value="07:00">
				<temp value="3" unit="°C"/>
				<symbol value="3" desc="Ciel nuageux" value2="3" desc2="Ciel nuageux"/>
				<wind value="9" unit="km/h" dir="SE" symbol="4" symbolB="28"/>
				<wind-gusts value="15" unit="km/h"/>
				<rain value="0" unit="mm"/>
				<humidity value="96"/>
				<pressure value="1028" unit="mb"/>
				<clouds value="75%"/>
				<snowline value="2900" unit="m"/>
				<windchill value="1" unit="°C"/>
				<uv_index value="0"/>
			</hour>
			<hour value="08:00">
				<temp value="3" unit="°C"/>
				<symbol value="3" desc="Ciel nuageux" value2="3" desc2="Ciel nuageux"/>
				<wind value="10" unit="km/h" dir="SE" symbol="4" symbolB="28"/>
				<wind-gusts value="17" unit="km/h"/>
				<rain value="0" unit="mm"/>
				<humidity value="93"/>
				<pressure value="1028" unit="mb"/>
				<clouds value="63%"/>
				<snowline value="2900" unit="m"/>
				<windchill value="1" unit="°C"/>
				<uv_index value="0"/>
			</hour>
			<hour value="09:00">
				<temp value="4" unit="°C"/>
				<symbol value="2" desc="Intervalles nuageux" value2="2" desc2="Intervalles nuageux"/>
				<wind value="12" unit="km/h" dir="SE" symbol="12" symbolB="36"/>
				<wind-gusts value="20" unit="km/h"/>
				<rain value="0" unit="mm"/>
				<humidity value="89"/>
				<pressure value="1027" unit="mb"/>
				<clouds value="52%"/>
				<snowline value="2900" unit="m"/>
				<windchill value="1" unit="°C"/>
				<uv_index value="0"/>
			</hour>
			<hour value="10:00">
				<temp value="5" unit="°C"/>
				<symbol value="2" desc="Intervalles nuageux" value2="2" desc2="Intervalles nuageux"/>
				<wind value="14" unit="km/h" dir="SE" symbol="12" symbolB="36"/>
				<wind-gusts value="23" unit="km/h"/>
				<rain value="0" unit="mm"/>
				<humidity value="84"/>
				<pressure value="1027" unit="mb"/>
				<clouds value="40%"/>
				<snowline value="2900" unit="m"/>
				<windchill value="2" unit="°C"/>
				<uv_index value="0"/>
			</hour>
			<hour value="11:00">
				<temp value="6" unit="°C"/>
				<symbol value="2" desc="Intervalles nuageux" value2="2" desc2="Intervalles nuageux"/>
				<wind value="15" unit="km/h" dir="SE" symbol="12" symbolB="36"/>
				<wind-gusts value="27" unit="km/h"/>
				<rain value="0" unit="mm"/>
				<humidity value="77"/>
				<pressure value="1026" unit="mb"/>
				<clouds value="27%"/>
				<snowline value="2800" unit="m"/>
				<windchill value="3" unit="°C"/>
				<uv_index value="1"/>
			</hour>
			<hour value="12:00">
				<temp value="7" unit="°C"/>
				<symbol value="2" desc="Intervalles nuageux" value2="2" desc2="Intervalles nuageux"/>
				<wind value="16" unit="km/h" dir="SE" symbol="12" symbolB="44"/>
				<wind-gusts value="31" unit="km/h"/>
				<rain value="0" unit="mm"/>
				<humidity value="70"/>
				<pressure value="1026" unit="mb"/>
				<clouds value="14%"/>
				<snowline value="2800" unit="m"/>
				<windchill value="4" unit="°C"/>
				<uv_index value="1"/>
			</hour>
			<hour value="13:00">
				<temp value="8" unit="°C"/>
				<symbol value="1" desc="Ciel dégagé" value2="1" desc2="Ciel dégagé"/>
				<wind value="17" unit="km/h" dir="SE" symbol="12" symbolB="44"/>
				<wind-gusts value="33" unit="km/h"/>
				<rain value="0" unit="mm"/>
				<humidity value="65"/>
				<pressure value="1025" unit="mb"/>
				<clouds value="1%"/>
				<snowline value="2700" unit="m"/>
				<windchill value="5" unit="°C"/>
				<uv_index value="1"/>
			</hour>
			<hour value="14:00">
				<temp value="8" unit="°C"/>
				<symbol value="1" desc="Ciel dégagé" value2="1" desc2="Ciel dégagé"/>
				<wind value="17" unit="km/h" dir="SE" symbol="12" symbolB="44"/>
				<wind-gusts value="34" unit="km/h"/>
				<rain value="0" unit="mm"/>
				<humidity value="65"/>
				<pressure value="1024" unit="mb"/>
				<clouds value="1%"/>
				<snowline value="2600" unit="m"/>
				<windchill value="6" unit="°C"/>
				<uv_index value="1"/>
			</hour>
			<hour value="15:00">
				<temp value="8" unit="°C"/>
				<symbol value="1" desc="Ciel dégagé" value2="1" desc2="Ciel dégagé"/>
				<wind value="16" unit="km/h" dir="SE" symbol="12" symbolB="44"/>
				<wind-gusts value="33" unit="km/h"/>
				<rain value="0" unit="mm"/>
				<humidity value="66"/>
				<pressure value="1023" unit="mb"/>
				<clouds value="1%"/>
				<snowline value="2500" unit="m"/>
				<windchill value="6" unit="°C"/>
				<uv_index value="1"/>
			</hour>
			<hour value="16:00">
				<temp value="8" unit="°C"/>
				<symbol value="1" desc="Ciel dégagé" value2="1" desc2="Ciel dégagé"/>
				<wind value="16" unit="km/h" dir="SE" symbol="12" symbolB="44"/>
				<wind-gusts value="33" unit="km/h"/>
				<rain value="0" unit="mm"/>
				<humidity value="68"/>
				<pressure value="1022" unit="mb"/>
				<clouds value="1%"/>
				<snowline value="2400" unit="m"/>
				<windchill value="6" unit="°C"/>
				<uv_index value="0"/>
			</hour>
			<hour value="17:00">
				<temp value="7" unit="°C"/>
				<symbol value="1" desc="Ciel dégagé" value2="1" desc2="Ciel dégagé"/>
				<wind value="16" unit="km/h" dir="SE" symbol="12" symbolB="44"/>
				<wind-gusts value="32" unit="km/h"/>
				<rain value="0" unit="mm"/>
				<humidity value="72"/>
				<pressure value="1022" unit="mb"/>
				<clouds value="1%"/>
				<snowline value="2400" unit="m"/>
				<windchill value="5" unit="°C"/>
				<uv_index value="0"/>
			</hour>
			<hour value="18:00">
				<temp value="6" unit="°C"/>
				<symbol value="1" desc="Ciel dégagé" value2="1" desc2="Ciel dégagé"/>
				<wind value="17" unit="km/h" dir="SE" symbol="12" symbolB="44"/>
				<wind-gusts value="30" unit="km/h"/>
				<rain value="0" unit="mm"/>
				<humidity value="76"/>
				<pressure value="1021" unit="mb"/>
				<clouds value="0%"/>
				<snowline value="2300" unit="m"/>
				<windchill value="3" unit="°C"/>
				<uv_index value="0"/>
			</hour>
			<hour value="19:00">
				<temp value="5" unit="°C"/>
				<symbol value="1" desc="Ciel dégagé" value2="1" desc2="Ciel dégagé"/>
				<wind value="17" unit="km/h" dir="SE" symbol="12" symbolB="44"/>
				<wind-gusts value="30" unit="km/h"/>
				<rain value="0" unit="mm"/>
				<humidity value="79"/>
				<pressure value="1021" unit="mb"/>
				<clouds value="0%"/>
				<snowline value="2300" unit="m"/>
				<windchill value="2" unit="°C"/>
				<uv_index value="0"/>
			</hour>
			<hour value="20:00">
				<temp value="5" unit="°C"/>
				<symbol value="1" desc="Ciel dégagé" value2="1" desc2="Ciel dégagé"/>
				<wind value="18" unit="km/h" dir="SE" symbol="12" symbolB="44"/>
				<wind-gusts value="31" unit="km/h"/>
				<rain value="0" unit="mm"/>
				<humidity value="78"/>
				<pressure value="1020" unit="mb"/>
				<clouds value="0%"/>
				<snowline value="2400" unit="m"/>
				<windchill value="1" unit="°C"/>
				<uv_index value="0"/>
			</hour>
			<hour value="21:00">
				<temp value="5" unit="°C"/>
				<symbol value="1" desc="Ciel dégagé" value2="1" desc2="Ciel dégagé"/>
				<wind value="18" unit="km/h" dir="S" symbol="13" symbolB="45"/>
				<wind-gusts value="32" unit="km/h"/>
				<rain value="0" unit="mm"/>
				<humidity value="75"/>
				<pressure value="1020" unit="mb"/>
				<clouds value="0%"/>
				<snowline value="2400" unit="m"/>
				<windchill value="1" unit="°C"/>
				<uv_index value="0"/>
			</hour>
			<hour value="22:00">
				<temp value="4" unit="°C"/>
				<symbol value="1" desc="Ciel dégagé" value2="1" desc2="Ciel dégagé"/>
				<wind value="19" unit="km/h" dir="S" symbol="13" symbolB="45"/>
				<wind-gusts value="34" unit="km/h"/>
				<rain value="0" unit="mm"/>
				<humidity value="73"/>
				<pressure value="1019" unit="mb"/>
				<clouds value="0%"/>
				<snowline value="2500" unit="m"/>
				<windchill value="1" unit="°C"/>
				<uv_index value="0"/>
			</hour>
			<hour value="23:00">
				<temp value="4" unit="°C"/>
				<symbol value="2" desc="Intervalles nuageux" value2="2" desc2="Intervalles nuageux"/>
				<wind value="19" unit="km/h" dir="S" symbol="13" symbolB="45"/>
				<wind-gusts value="34" unit="km/h"/>
				<rain value="0" unit="mm"/>
				<humidity value="71"/>
				<pressure value="1019" unit="mb"/>
				<clouds value="16%"/>
				<snowline value="2500" unit="m"/>
				<windchill value="0" unit="°C"/>
				<uv_index value="0"/>
			</hour>
			<hour value="24:00">
				<temp value="4" unit="°C"/>
				<symbol value="2" desc="Intervalles nuageux" value2="2" desc2="Intervalles nuageux"/>
				<wind value="19" unit="km/h" dir="S" symbol="13" symbolB="45"/>
				<wind-gusts value="33" unit="km/h"/>
				<rain value="0" unit="mm"/>
				<humidity value="70"/>
				<pressure value="1019" unit="mb"/>
				<clouds value="33%"/>
				<snowline value="2500" unit="m"/>
				<windchill value="0" unit="°C"/>
				<uv_index value="0"/>
			</hour>
		</day>
		<day value="20220504" name="Mercredi">
			<symbol value="6" desc="Ciel nuageux avec pluies faibles" value2="6" desc2="Ciel nuageux avec pluies faibles"/>
			<tempmin value="3" unit="°C"/>
			<tempmax value="11" unit="°C"/>
			<wind value="21" unit="km/h" symbol="14" symbolB="54"/>
			<wind-gusts value="43" unit="km/h"/>
			<rain value="0.7" unit="mm"/>
			<humidity value="82"/>
			<pressure value="1018" unit="mb"/>
			<snowline value="1200" unit="m"/>
			<uv_index_max value="1"/>
			<sun in="08:10" mid="12:53" out="17:38"/>
			<moon in="16:26" out="08:00" lumi="98.91%" desc="Pleine Lune, 98.91% Éclairée" symbol="13"/>
			<local_info local_time="11:08" offset="1"/>
			<hour value="01:00">
				<temp value="3" unit="°C"/>
				<symbol value="2" desc="Intervalles nuageux" value2="2" desc2="Intervalles nuageux"/>
				<wind value="19" unit="km/h" dir="S" symbol="13" symbolB="45"/>
				<wind-gusts value="33" unit="km/h"/>
				<rain value="0" unit="mm"/>
				<humidity value="70"/>
				<pressure value="1018" unit="mb"/>
				<clouds value="51%"/>
				<snowline value="2500" unit="m"/>
				<windchill value="0" unit="°C"/>
				<uv_index value="0"/>
			</hour>
			<hour value="04:00">
				<temp value="4" unit="°C"/>
				<symbol value="4" desc="Ciel couvert" value2="4" desc2="Ciel couvert"/>
				<wind value="18" unit="km/h" dir="S" symbol="13" symbolB="45"/>
				<wind-gusts value="33" unit="km/h"/>
				<rain value="0" unit="mm"/>
				<humidity value="72"/>
				<pressure value="1017" unit="mb"/>
				<clouds value="96%"/>
				<snowline value="2500" unit="m"/>
				<windchill value="1" unit="°C"/>
				<uv_index value="0"/>
			</hour>
			<hour value="07:00">
				<temp value="6" unit="°C"/>
				<symbol value="4" desc="Ciel couvert" value2="4" desc2="Ciel couvert"/>
				<wind value="18" unit="km/h" dir="S" symbol="13" symbolB="45"/>
				<wind-gusts value="32" unit="km/h"/>
				<rain value="0" unit="mm"/>
				<humidity value="83"/>
				<pressure value="1017" unit="mb"/>
				<clouds value="100%"/>
				<snowline value="2300" unit="m"/>
				<windchill value="3" unit="°C"/>
				<uv_index value="0"/>
			</hour>
			<hour value="10:00">
				<temp value="8" unit="°C"/>
				<symbol value="4" desc="Ciel couvert" value2="4" desc2="Ciel couvert"/>
				<wind value="19" unit="km/h" dir="S" symbol="13" symbolB="45"/>
				<wind-gusts value="34" unit="km/h"/>
				<rain value="0" unit="mm"/>
				<humidity value="87"/>
				<pressure value="1018" unit="mb"/>
				<clouds value="100%"/>
				<snowline value="1800" unit="m"/>
				<windchill value="5" unit="°C"/>
				<uv_index value="0"/>
			</hour>
			<hour value="13:00">
				<temp value="10" unit="°C"/>
				<symbol value="3" desc="Ciel nuageux" value2="3" desc2="Ciel nuageux"/>
				<wind value="21" unit="km/h" dir="SW" symbol="14" symbolB="46"/>
				<wind-gusts value="38" unit="km/h"/>
				<rain value="0" unit="mm"/>
				<humidity value="85"/>
				<pressure value="1018" unit="mb"/>
				<clouds value="67%"/>
				<snowline value="1400" unit="m"/>
				<windchill value="10" unit="°C"/>
				<uv_index value="1"/>
			</hour>
			<hour value="16:00">
				<temp value="10" unit="°C"/>
				<symbol value="4" desc="Ciel couvert" value2="4" desc2="Ciel couvert"/>
				<wind value="16" unit="km/h" dir="SW" symbol="14" symbolB="54"/>
				<wind-gusts value="43" unit="km/h"/>
				<rain value="0" unit="mm"/>
				<humidity value="81"/>
				<pressure value="1018" unit="mb"/>
				<clouds value="99%"/>
				<snowline value="1300" unit="m"/>
				<windchill value="7" unit="°C"/>
				<uv_index value="0"/>
			</hour>
			<hour value="19:00">
				<temp value="7" unit="°C"/>
				<symbol value="7" desc="Ciel couvert avec pluies faibles" value2="7" desc2="Ciel couvert avec pluies faibles"/>
				<wind value="12" unit="km/h" dir="SW" symbol="14" symbolB="46"/>
				<wind-gusts value="29" unit="km/h"/>
				<rain value="0.3" unit="mm"/>
				<humidity value="84"/>
				<pressure value="1018" unit="mb"/>
				<clouds value="100%"/>
				<snowline value="1300" unit="m"/>
				<windchill value="5" unit="°C"/>
				<uv_index value="0"/>
			</hour>
			<hour value="22:00">
				<temp value="6" unit="°C"/>
				<symbol value="5" desc="Intervalles nuageux avec pluies faibles" value2="5" desc2="Intervalles nuageux avec pluies faibles"/>
				<wind value="16" unit="km/h" dir="SW" symbol="14" symbolB="38"/>
				<wind-gusts value="27" unit="km/h"/>
				<rain value="0.4" unit="mm"/>
				<humidity value="89"/>
				<pressure value="1018" unit="mb"/>
				<clouds value="12%"/>
				<snowline value="1200" unit="m"/>
				<windchill value="3" unit="°C"/>
				<uv_index value="0"/>
			</hour>
		</day>
		<day value="20220505" name="Jeudi">
			<symbol value="9" desc="Ciel nuageux avec pluies modérées" value2="9" desc2="Ciel nuageux avec pluies modérées"/>
			<tempmin value="4" unit="°C"/>
			<tempmax value="13" unit="°C"/>
			<wind value="58" unit="km/h" symbol="30" symbolB="102"/>
			<wind-gusts value="125" unit="km/h"/>
			<rain value="13" unit="mm"/>
			<humidity value="86"/>
			<pressure value="1003" unit="mb"/>
			<snowline value="1200" unit="m"/>
			<uv_index_max value="0"/>
			<sun in="08:08" mid="12:54" out="17:39"/>
			<moon in="17:50" out="08:38" lumi="99.87%" desc="Pleine Lune, 99.87% Éclairée" symbol="14"/>
			<local_info local_time="11:08" offset="1"/>
			<hour value="01:00">
				<temp value="5" unit="°C"/>
				<symbol value="2" desc="Intervalles nuageux" value2="2" desc2="Intervalles nuageux"/>
				<wind value="20" unit="km/h" dir="SW" symbol="14" symbolB="46"/>
				<wind-gusts value="34" unit="km/h"/>
				<rain value="0" unit="mm"/>
				<humidity value="93"/>
				<pressure value="1016" unit="mb"/>
				<clouds value="46%"/>
				<snowline value="1200" unit="m"/>
				<windchill value="1" unit="°C"/>
				<uv_index value="0"/>
			</hour>
			<hour value="04:00">
				<temp value="5" unit="°C"/>
				<symbol value="3" desc="Ciel nuageux" value2="3" desc2="Ciel nuageux"/>
				<wind value="25" unit="km/h" dir="S" symbol="13" symbolB="53"/>
				<wind-gusts value="43" unit="km/h"/>
				<rain value="0" unit="mm"/>
				<humidity value="88"/>
				<pressure value="1013" unit="mb"/>
				<clouds value="60%"/>
				<snowline value="1700" unit="m"/>
				<windchill value="0" unit="°C"/>
				<uv_index value="0"/>
			</hour>
			<hour value="07:00">
				<temp value="5" unit="°C"/>
				<symbol value="3" desc="Ciel nuageux" value2="3" desc2="Ciel nuageux"/>
				<wind value="32" unit="km/h" dir="S" symbol="21" symbolB="61"/>
				<wind-gusts value="56" unit="km/h"/>
				<rain value="0" unit="mm"/>
				<humidity value="84"/>
				<pressure value="1010" unit="mb"/>
				<clouds value="93%"/>
				<snowline value="1700" unit="m"/>
				<windchill value="1" unit="°C"/>
				<uv_index value="0"/>
			</hour>
			<hour value="10:00">
				<temp value="6" unit="°C"/>
				<symbol value="7" desc="Ciel couvert avec pluies faibles" value2="7" desc2="Ciel couvert avec pluies faibles"/>
				<wind value="41" unit="km/h" dir="S" symbol="21" symbolB="69"/>
				<wind-gusts value="71" unit="km/h"/>
				<rain value="0.7" unit="mm"/>
				<humidity value="86"/>
				<pressure value="1007" unit="mb"/>
				<clouds value="100%"/>
				<snowline value="2100" unit="m"/>
				<windchill value="1" unit="°C"/>
				<uv_index value="0"/>
			</hour>
			<hour value="13:00">
				<temp value="8" unit="°C"/>
				<symbol value="7" desc="Ciel couvert avec pluies faibles" value2="7" desc2="Ciel couvert avec pluies faibles"/>
				<wind value="44" unit="km/h" dir="SW" symbol="22" symbolB="78"/>
				<wind-gusts value="78" unit="km/h"/>
				<rain value="0.8" unit="mm"/>
				<humidity value="84"/>
				<pressure value="1002" unit="mb"/>
				<clouds value="100%"/>
				<snowline value="2700" unit="m"/>
				<windchill value="4" unit="°C"/>
				<uv_index value="0"/>
			</hour>
			<hour value="16:00">
				<temp value="10" unit="°C"/>
				<symbol value="7" desc="Ciel couvert avec pluies faibles" value2="7" desc2="Ciel couvert avec pluies faibles"/>
				<wind value="47" unit="km/h" dir="SW" symbol="22" symbolB="78"/>
				<wind-gusts value="84" unit="km/h"/>
				<rain value="1" unit="mm"/>
				<humidity value="83"/>
				<pressure value="995" unit="mb"/>
				<clouds value="100%"/>
				<snowline value="3000" unit="m"/>
				<windchill value="10" unit="°C"/>
				<uv_index value="0"/>
			</hour>
			<hour value="19:00">
				<temp value="12" unit="°C"/>
				<symbol value="10" desc="Ciel couvert avec pluies modérées" value2="10" desc2="Ciel couvert avec pluies modérées"/>
				<wind value="52" unit="km/h" dir="SW" symbol="30" symbolB="102"/>
				<wind-gusts value="119" unit="km/h"/>
				<rain value="3.7" unit="mm"/>
				<humidity value="88"/>
				<pressure value="990" unit="mb"/>
				<clouds value="100%"/>
				<snowline value="2200" unit="m"/>
				<windchill value="12" unit="°C"/>
				<uv_index value="0"/>
			</hour>
			<hour value="22:00">
				<temp value="11" unit="°C"/>
				<symbol value="10" desc="Ciel couvert avec pluies modérées" value2="10" desc2="Ciel couvert avec pluies modérées"/>
				<wind value="58" unit="km/h" dir="SW" symbol="30" symbolB="102"/>
				<wind-gusts value="125" unit="km/h"/>
				<rain value="7.2" unit="mm"/>
				<humidity value="90"/>
				<pressure value="988" unit="mb"/>
				<clouds value="100%"/>
				<snowline value="1800" unit="m"/>
				<windchill value="11" unit="°C"/>
				<uv_index value="0"/>
			</hour>
		</day>
		<day value="20220506" name="Vendredi">
			<symbol value="5" desc="Intervalles nuageux avec pluies faibles" value2="5" desc2="Intervalles nuageux avec pluies faibles"/>
			<tempmin value="5" unit="°C"/>
			<tempmax value="12" unit="°C"/>
			<wind value="51" unit="km/h" symbol="31" symbolB="95"/>
			<wind-gusts value="111" unit="km/h"/>
			<rain value="4.7" unit="mm"/>
			<humidity value="69"/>
			<pressure value="996" unit="mb"/>
			<snowline value="700" unit="m"/>
			<uv_index_max value="1"/>
			<sun in="08:06" mid="12:54" out="17:41"/>
			<moon in="19:17" out="09:08" lumi="97.95%" desc="Pleine Lune, 97.95% Éclairée" symbol="15"/>
			<local_info local_time="11:08" offset="1"/>
			<hour value="01:00">
				<temp value="10" unit="°C"/>
				<symbol value="5" desc="Intervalles nuageux avec pluies faibles" value2="5" desc2="Intervalles nuageux avec pluies faibles"/>
				<wind value="45" unit="km/h" dir="W" symbol="31" symbolB="95"/>
				<wind-gusts value="111" unit="km/h"/>
				<rain value="2.7" unit="mm"/>
				<humidity value="78"/>
				<pressure value="988" unit="mb"/>
				<clouds value="29%"/>
				<snowline value="1400" unit="m"/>
				<windchill value="6" unit="°C"/>
				<uv_index value="0"/>
			</hour>
			<hour value="04:00">
				<temp value="8" unit="°C"/>
				<symbol value="5" desc="Intervalles nuageux avec pluies faibles" value2="5" desc2="Intervalles nuageux avec pluies faibles"/>
				<wind value="45" unit="km/h" dir="W" symbol="23" symbolB="87"/>
				<wind-gusts value="90" unit="km/h"/>
				<rain value="0.7" unit="mm"/>
				<humidity value="76"/>
				<pressure value="989" unit="mb"/>
				<clouds value="55%"/>
				<snowline value="1200" unit="m"/>
				<windchill value="4" unit="°C"/>
				<uv_index value="0"/>
			</hour>
			<hour value="07:00">
				<temp value="7" unit="°C"/>
				<symbol value="6" desc="Ciel nuageux avec pluies faibles" value2="6" desc2="Ciel nuageux avec pluies faibles"/>
				<wind value="45" unit="km/h" dir="W" symbol="23" symbolB="87"/>
				<wind-gusts value="91" unit="km/h"/>
				<rain value="0.4" unit="mm"/>
				<humidity value="80"/>
				<pressure value="991" unit="mb"/>
				<clouds value="66%"/>
				<snowline value="900" unit="m"/>
				<windchill value="2" unit="°C"/>
				<uv_index value="0"/>
			</hour>
			<hour value="10:00">
				<temp value="7" unit="°C"/>
				<symbol value="5" desc="Intervalles nuageux avec pluies faibles" value2="5" desc2="Intervalles nuageux avec pluies faibles"/>
				<wind value="48" unit="km/h" dir="W" symbol="23" symbolB="79"/>
				<wind-gusts value="88" unit="km/h"/>
				<rain value="0.3" unit="mm"/>
				<humidity value="64"/>
				<pressure value="996" unit="mb"/>
				<clouds value="41%"/>
				<snowline value="800" unit="m"/>
				<windchill value="1" unit="°C"/>
				<uv_index value="0"/>
			</hour>
			<hour value="13:00">
				<temp value="7" unit="°C"/>
				<symbol value="2" desc="Intervalles nuageux" value2="2" desc2="Intervalles nuageux"/>
				<wind value="51" unit="km/h" dir="W" symbol="23" symbolB="87"/>
				<wind-gusts value="94" unit="km/h"/>
				<rain value="0" unit="mm"/>
				<humidity value="56"/>
				<pressure value="1000" unit="mb"/>
				<clouds value="33%"/>
				<snowline value="700" unit="m"/>
				<windchill value="2" unit="°C"/>
				<uv_index value="1"/>
			</hour>
			<hour value="16:00">
				<temp value="7" unit="°C"/>
				<symbol value="2" desc="Intervalles nuageux" value2="2" desc2="Intervalles nuageux"/>
				<wind value="44" unit="km/h" dir="W" symbol="23" symbolB="87"/>
				<wind-gusts value="93" unit="km/h"/>
				<rain value="0" unit="mm"/>
				<humidity value="54"/>
				<pressure value="1001" unit="mb"/>
				<clouds value="22%"/>
				<snowline value="900" unit="m"/>
				<windchill value="3" unit="°C"/>
				<uv_index value="0"/>
			</hour>
			<hour value="19:00">
				<temp value="6" unit="°C"/>
				<symbol value="3" desc="Ciel nuageux" value2="3" desc2="Ciel nuageux"/>
				<wind value="35" unit="km/h" dir="W" symbol="23" symbolB="79"/>
				<wind-gusts value="78" unit="km/h"/>
				<rain value="0" unit="mm"/>
				<humidity value="75"/>
				<pressure value="1000" unit="mb"/>
				<clouds value="91%"/>
				<snowline value="800" unit="m"/>
				<windchill value="2" unit="°C"/>
				<uv_index value="0"/>
			</hour>
			<hour value="22:00">
				<temp value="5" unit="°C"/>
				<symbol value="6" desc="Ciel nuageux avec pluies faibles" value2="6" desc2="Ciel nuageux avec pluies faibles"/>
				<wind value="45" unit="km/h" dir="W" symbol="23" symbolB="79"/>
				<wind-gusts value="86" unit="km/h"/>
				<rain value="0.6" unit="mm"/>
				<humidity value="78"/>
				<pressure value="999" unit="mb"/>
				<clouds value="69%"/>
				<snowline value="700" unit="m"/>
				<windchill value="0" unit="°C"/>
				<uv_index value="0"/>
			</hour>
		</day>
	</location>
</report>