<?xml version="1.0" encoding="UTF-8" ?>
<report>
	<location city="Barcelone [Barcelone;Espagne]">
		<interesting>
			<url description="Prévisions météo">https://www.tameteo.com/meteo_Barcelone-Europe-Espagne-Barcelone-LEBL-1-1200.html</url>
		</interesting>
		<day value="20220502" name="Lundi">
			<symbol value="6" desc="Ciel nuageux avec pluies faibles" value2="6" desc2="Ciel nuageux avec pluies faibles"/>
			<tempmin value="14" unit="°C"/>
			<tempmax value="19" unit="°C"/>
			<wind value="14" unit="km/h" symbol="11" symbolB="35"/>
			<wind-gusts value="23" unit="km/h"/>
			<rain value="0.9" unit="mm"/>
			<humidity value="79"/>
			<pressure value="1014" unit="mb"/>
			<snowline value="2500" unit="m"/>
			<uv_index_max value="5"/>
			<sun in="06:47" mid="13:48" out="20:50"/>
			<moon in="07:36" out="22:44" lumi="2.35%" desc="Nouvelle Lune, 2.35% Éclairée" symbol="1"/>
			<local_info local_time="10:26" offset="2"/>
			<hour value="02:00">
				<temp value="16" unit="°C"/>
				<symbol value="4" desc="Ciel couvert" value2="4" desc2="Ciel couvert"/>
				<wind value="7" unit="km/h" dir="N" symbol="1" symbolB="17"/>
				<wind-gusts value="11" unit="km/h"/>
				<rain value="0" unit="mm"/>
				<humidity value="86"/>
				<pressure value="1016" unit="mb"/>
				<clouds value="79%"/>
				<snowline value="2800" unit="m"/>
				<windchill value="16" unit="°C"/>
				<uv_index value="0"/>
			</hour>
			<hour value="05:00">
				<temp value="15" unit="°C"/>
				<symbol value="6" desc="Ciel nuageux avec pluies faibles" value2="6" desc2="Ciel nuageux avec pluies faibles"/>
				<wind value="7" unit="km/h" dir="N" symbol="1" symbolB="25"/>
				<wind-gusts value="12" unit="km/h"/>
				<rain value="0.6" unit="mm"/>
				<humidity value="89"/>
				<pressure value="1015" unit="mb"/>
				<clouds value="76%"/>
				<snowline value="2700" unit="m"/>
				<windchill value="15" unit="°C"/>
				<uv_index value="0"/>
			</hour>
			<hour value="08:00">
				<temp value="15" unit="°C"/>
				<symbol value="6" desc="Ciel nuageux avec pluies faibles" value2="6" desc2="Ciel nuageux avec pluies faibles"/>
				<wind value="9" unit="km/h" dir="N" symbol="1" symbolB="25"/>
				<wind-gusts value="14" unit="km/h"/>
				<rain value="0.3" unit="mm"/>
				<humidity value="89"/>
				<pressure value="1014" unit="mb"/>
				<clouds value="66%"/>
				<snowline value="2600" unit="m"/>
				<windchill value="15" unit="°C"/>
				<uv_index value="0"/>
			</hour>
			<hour value="11:00">
				<temp value="18" unit="°C"/>
				<symbol value="4" desc="Ciel couvert" value2="4" desc2="Ciel couvert"/>
				<wind value="4" unit="km/h" dir="NE" symbol="2" symbolB="26"/>
				<wind-gusts value="16" unit="km/h"/>
				<rain value="0" unit="mm"/>
				<humidity value="71"/>
				<pressure value="1014" unit="mb"/>
				<clouds value="99%"/>
				<snowline value="2600" unit="m"/>
				<windchill value="18" unit="°C"/>
				<uv_index value="2"/>
			</hour>
			<hour value="14:00">
				<temp value="17" unit="°C"/>
				<symbol value="3" desc="Ciel nuageux" value2="3" desc2="Ciel nuageux"/>
				<wind value="11" unit="km/h" dir="SE" symbol="12" symbolB="36"/>
				<wind-gusts value="20" unit="km/h"/>
				<rain value="0" unit="mm"/>
				<humidity value="73"/>
				<pressure value="1014" unit="mb"/>
				<clouds value="79%"/>
				<snowline value="2600" unit="m"/>
				<windchill value="17" unit="°C"/>
				<uv_index value="5"/>
			</hour>
			<hour value="17:00">
				<temp value="17" unit="°C"/>
				<symbol value="3" desc="Ciel nuageux" value2="3" desc2="Ciel nuageux"/>
				<wind value="11" unit="km/h" dir="SE" symbol="12" symbolB="36"/>
				<wind-gusts value="20" unit="km/h"/>
				<rain value="0" unit="mm"/>
				<humidity value="72"/>
				<pressure value="1013" unit="mb"/>
				<clouds value="60%"/>
				<snowline value="2600" unit="m"/>
				<windchill value="17" unit="°C"/>
				<uv_index value="3"/>
			</hour>
			<hour value="20:00">
				<temp value="16" unit="°C"/>
				<symbol value="2" desc="Intervalles nuageux" value2="2" desc2="Intervalles nuageux"/>
				<wind value="12" unit="km/h" dir="E" symbol="11" symbolB="35"/>
				<wind-gusts value="22" unit="km/h"/>
				<rain value="0" unit="mm"/>
				<humidity value="71"/>
				<pressure value="1012" unit="mb"/>
				<clouds value="38%"/>
				<snowline value="2600" unit="m"/>
				<windchill value="16" unit="°C"/>
				<uv_index value="0"/>
			</hour>
			<hour value="23:00">
				<temp value="15" unit="°C"/>
				<symbol value="2" desc="Intervalles nuageux" value2="2" desc2="Intervalles nuageux"/>
				<wind value="5" unit="km/h" dir="E" symbol="3" symbolB="27"/>
				<wind-gusts value="18" unit="km/h"/>
				<rain value="0" unit="mm"/>
				<humidity value="83"/>
				<pressure value="1013" unit="mb"/>
				<clouds value="26%"/>
				<snowline value="2600" unit="m"/>
				<windchill value="15" unit="°C"/>
				<uv_index value="0"/>
			</hour>
		</day>
		<day value="20220503" name="Mardi">
			<symbol value="5" desc="Intervalles nuageux avec pluies faibles" value2="5" desc2="Intervalles nuageux avec pluies faibles"/>
			<tempmin value="14" unit="°C"/>
			<tempmax value="17" unit="°C"/>
			<wind value="25" unit="km/h" symbol="11" symbolB="51"/>
			<wind-gusts value="39" unit="km/h"/>
			<rain value="1.9" unit="mm"/>
			<humidity value="80"/>
			<pressure value="1014" unit="mb"/>
			<snowline value="2400" unit="m"/>
			<uv_index_max value="6"/>
			<sun in="06:46" mid="13:48" out="20:51"/>
			<moon in="08:09" out="23:46" lumi="6.13%" desc="Lune croissante, 6.13% Éclairée" symbol="2"/>
			<local_info local_time="10:26" offset="2"/>
			<hour value="02:00">
				<temp value="15" unit="°C"/>
				<symbol value="3" desc="Ciel nuageux" value2="3" desc2="Ciel nuageux"/>
				<wind value="5" unit="km/h" dir="SE" symbol="4" symbolB="28"/>
				<wind-gusts value="12" unit="km/h"/>
				<rain value="0" unit="mm"/>
				<humidity value="90"/>
				<pressure value="1013" unit="mb"/>
				<clouds value="88%"/>
				<snowline value="2400" unit="m"/>
				<windchill value="15" unit="°C"/>
				<uv_index value="0"/>
			</hour>
			<hour value="05:00">
				<temp value="14" unit="°C"/>
				<symbol value="6" desc="Ciel nuageux avec pluies faibles" value2="6" desc2="Ciel nuageux avec pluies faibles"/>
				<wind value="14" unit="km/h" dir="NE" symbol="10" symbolB="34"/>
				<wind-gusts value="21" unit="km/h"/>
				<rain value="1.5" unit="mm"/>
				<humidity value="88"/>
				<pressure value="1012" unit="mb"/>
				<clouds value="82%"/>
				<snowline value="2400" unit="m"/>
				<windchill value="14" unit="°C"/>
				<uv_index value="0"/>
			</hour>
			<hour value="08:00">
				<temp value="15" unit="°C"/>
				<symbol value="6" desc="Ciel nuageux avec pluies faibles" value2="6" desc2="Ciel nuageux avec pluies faibles"/>
				<wind value="15" unit="km/h" dir="NE" symbol="10" symbolB="34"/>
				<wind-gusts value="23" unit="km/h"/>
				<rain value="0.4" unit="mm"/>
				<humidity value="90"/>
				<pressure value="1013" unit="mb"/>
				<clouds value="94%"/>
				<snowline value="2400" unit="m"/>
				<windchill value="15" unit="°C"/>
				<uv_index value="0"/>
			</hour>
			<hour value="11:00">
				<temp value="16" unit="°C"/>
				<symbol value="4" desc="Ciel couvert" value2="4" desc2="Ciel couvert"/>
				<wind value="19" unit="km/h" dir="E" symbol="11" symbolB="43"/>
				<wind-gusts value="30" unit="km/h"/>
				<rain value="0" unit="mm"/>
				<humidity value="77"/>
				<pressure value="1014" unit="mb"/>
				<clouds value="82%"/>
				<snowline value="2400" unit="m"/>
				<windchill value="16" unit="°C"/>
				<uv_index value="3"/>
			</hour>
			<hour value="14:00">
				<temp value="17" unit="°C"/>
				<symbol value="3" desc="Ciel nuageux" value2="3" desc2="Ciel nuageux"/>
				<wind value="25" unit="km/h" dir="E" symbol="11" symbolB="51"/>
				<wind-gusts value="39" unit="km/h"/>
				<rain value="0" unit="mm"/>
				<humidity value="76"/>
				<pressure value="1014" unit="mb"/>
				<clouds value="40%"/>
				<snowline value="2500" unit="m"/>
				<windchill value="17" unit="°C"/>
				<uv_index value="6"/>
			</hour>
			<hour value="17:00">
				<temp value="17" unit="°C"/>
				<symbol value="2" desc="Intervalles nuageux" value2="2" desc2="Intervalles nuageux"/>
				<wind value="19" unit="km/h" dir="E" symbol="11" symbolB="51"/>
				<wind-gusts value="39" unit="km/h"/>
				<rain value="0" unit="mm"/>
				<humidity value="71"/>
				<pressure value="1014" unit="mb"/>
				<clouds value="20%"/>
				<snowline value="2600" unit="m"/>
				<windchill value="17" unit="°C"/>
				<uv_index value="3"/>
			</hour>
			<hour value="20:00">
				<temp value="16" unit="°C"/>
				<symbol value="2" desc="Intervalles nuageux" value2="2" desc2="Intervalles nuageux"/>
				<wind value="14" unit="km/h" dir="E" symbol="11" symbolB="43"/>
				<wind-gusts value="31" unit="km/h"/>
				<rain value="0" unit="mm"/>
				<humidity value="70"/>
				<pressure value="1014" unit="mb"/>
				<clouds value="25%"/>
				<snowline value="2500" unit="m"/>
				<windchill value="16" unit="°C"/>
				<uv_index value="0"/>
			</hour>
			<hour value="23:00">
				<temp value="14" unit="°C"/>
				<symbol value="2" desc="Intervalles nuageux" value2="2" desc2="Intervalles nuageux"/>
				<wind value="10" unit="km/h" dir="NE" symbol="10" symbolB="34"/>
				<wind-gusts value="22" unit="km/h"/>
				<rain value="0" unit="mm"/>
				<humidity value="78"/>
				<pressure value="1016" unit="mb"/>
				<clouds value="15%"/>
				<snowline value="2500" unit="m"/>
				<windchill value="14" unit="°C"/>
				<uv_index value="0"/>
			</hour>
		</day>
		<day value="20220504" name="Mercredi">
			<symbol value="2" desc="Intervalles nuageux" value2="2" desc2="Intervalles nuageux"/>
			<tempmin value="11" unit="°C"/>
			<tempmax value="18" unit="°C"/>
			<wind value="21" unit="km/h" symbol="11" symbolB="43"/>
			<wind-gusts value="34" unit="km/h"/>
			<rain value="0" unit="mm"/>
			<humidity value="76"/>
			<pressure value="1017" unit="mb"/>
			<snowline value="2400" unit="m"/>
			<uv_index_max value="6"/>
			<sun in="06:45" mid="13:48" out="20:52"/>
			<moon in="08:47" out="--:--" lumi="11.48%" desc="Lune croissante, 11.48% Éclairée" symbol="3"/>
			<local_info local_time="10:26" offset="2"/>
			<hour value="02:00">
				<temp value="14" unit="°C"/>
				<symbol value="2" desc="Intervalles nuageux" value2="2" desc2="Intervalles nuageux"/>
				<wind value="9" unit="km/h" dir="N" symbol="1" symbolB="25"/>
				<wind-gusts value="15" unit="km/h"/>
				<rain value="0" unit="mm"/>
				<humidity value="76"/>
				<pressure value="1016" unit="mb"/>
				<clouds value="33%"/>
				<snowline value="2500" unit="m"/>
				<windchill value="14" unit="°C"/>
				<uv_index value="0"/>
			</hour>
			<hour value="05:00">
				<temp value="12" unit="°C"/>
				<symbol value="2" desc="Intervalles nuageux" value2="2" desc2="Intervalles nuageux"/>
				<wind value="7" unit="km/h" dir="N" symbol="1" symbolB="25"/>
				<wind-gusts value="15" unit="km/h"/>
				<rain value="0" unit="mm"/>
				<humidity value="85"/>
				<pressure value="1015" unit="mb"/>
				<clouds value="14%"/>
				<snowline value="2500" unit="m"/>
				<windchill value="12" unit="°C"/>
				<uv_index value="0"/>
			</hour>
			<hour value="08:00">
				<temp value="13" unit="°C"/>
				<symbol value="2" desc="Intervalles nuageux" value2="2" desc2="Intervalles nuageux"/>
				<wind value="7" unit="km/h" dir="N" symbol="1" symbolB="25"/>
				<wind-gusts value="13" unit="km/h"/>
				<rain value="0" unit="mm"/>
				<humidity value="82"/>
				<pressure value="1017" unit="mb"/>
				<clouds value="42%"/>
				<snowline value="2400" unit="m"/>
				<windchill value="13" unit="°C"/>
				<uv_index value="0"/>
			</hour>
			<hour value="11:00">
				<temp value="17" unit="°C"/>
				<symbol value="2" desc="Intervalles nuageux" value2="2" desc2="Intervalles nuageux"/>
				<wind value="14" unit="km/h" dir="E" symbol="11" symbolB="35"/>
				<wind-gusts value="23" unit="km/h"/>
				<rain value="0" unit="mm"/>
				<humidity value="66"/>
				<pressure value="1017" unit="mb"/>
				<clouds value="54%"/>
				<snowline value="2500" unit="m"/>
				<windchill value="17" unit="°C"/>
				<uv_index value="3"/>
			</hour>
			<hour value="14:00">
				<temp value="17" unit="°C"/>
				<symbol value="2" desc="Intervalles nuageux" value2="2" desc2="Intervalles nuageux"/>
				<wind value="21" unit="km/h" dir="E" symbol="11" symbolB="43"/>
				<wind-gusts value="33" unit="km/h"/>
				<rain value="0" unit="mm"/>
				<humidity value="67"/>
				<pressure value="1017" unit="mb"/>
				<clouds value="51%"/>
				<snowline value="2500" unit="m"/>
				<windchill value="17" unit="°C"/>
				<uv_index value="6"/>
			</hour>
			<hour value="17:00">
				<temp value="17" unit="°C"/>
				<symbol value="2" desc="Intervalles nuageux" value2="2" desc2="Intervalles nuageux"/>
				<wind value="16" unit="km/h" dir="E" symbol="11" symbolB="43"/>
				<wind-gusts value="34" unit="km/h"/>
				<rain value="0" unit="mm"/>
				<humidity value="73"/>
				<pressure value="1016" unit="mb"/>
				<clouds value="51%"/>
				<snowline value="2800" unit="m"/>
				<windchill value="17" unit="°C"/>
				<uv_index value="3"/>
			</hour>
			<hour value="20:00">
				<temp value="16" unit="°C"/>
				<symbol value="2" desc="Intervalles nuageux" value2="2" desc2="Intervalles nuageux"/>
				<wind value="8" unit="km/h" dir="E" symbol="11" symbolB="35"/>
				<wind-gusts value="26" unit="km/h"/>
				<rain value="0" unit="mm"/>
				<humidity value="79"/>
				<pressure value="1016" unit="mb"/>
				<clouds value="50%"/>
				<snowline value="2800" unit="m"/>
				<windchill value="16" unit="°C"/>
				<uv_index value="0"/>
			</hour>
			<hour value="23:00">
				<temp value="15" unit="°C"/>
				<symbol value="2" desc="Intervalles nuageux" value2="2" desc2="Intervalles nuageux"/>
				<wind value="8" unit="km/h" dir="N" symbol="1" symbolB="25"/>
				<wind-gusts value="13" unit="km/h"/>
				<rain value="0" unit="mm"/>
				<humidity value="80"/>
				<pressure value="1018" unit="mb"/>
				<clouds value="55%"/>
				<snowline value="2700" unit="m"/>
				<windchill value="15" unit="°C"/>
				<uv_index value="0"/>
			</hour>
		</day>
		<day value="20220505" name="Jeudi">
			<symbol value="2" desc="Intervalles nuageux" value2="2" desc2="Intervalles nuageux"/>
			<tempmin value="12" unit="°C"/>
			<tempmax value="19" unit="°C"/>
			<wind value="12" unit="km/h" symbol="13" symbolB="37"/>
			<wind-gusts value="26" unit="km/h"/>
			<rain value="0" unit="mm"/>
			<humidity value="75"/>
			<pressure value="1018" unit="mb"/>
			<snowline value="2500" unit="m"/>
			<uv_index_max value="6"/>
			<sun in="06:44" mid="13:48" out="20:53"/>
			<moon in="09:32" out="00:44" lumi="18.18%" desc="Lune croissante, 18.18% Éclairée" symbol="4"/>
			<local_info local_time="10:26" offset="2"/>
			<hour value="02:00">
				<temp value="14" unit="°C"/>
				<symbol value="2" desc="Intervalles nuageux" value2="2" desc2="Intervalles nuageux"/>
				<wind value="8" unit="km/h" dir="N" symbol="1" symbolB="25"/>
				<wind-gusts value="14" unit="km/h"/>
				<rain value="0" unit="mm"/>
				<humidity value="73"/>
				<pressure value="1018" unit="mb"/>
				<clouds value="14%"/>
				<snowline value="2700" unit="m"/>
				<windchill value="14" unit="°C"/>
				<uv_index value="0"/>
			</hour>
			<hour value="05:00">
				<temp value="13" unit="°C"/>
				<symbol value="2" desc="Intervalles nuageux" value2="2" desc2="Intervalles nuageux"/>
				<wind value="8" unit="km/h" dir="NW" symbol="8" symbolB="32"/>
				<wind-gusts value="15" unit="km/h"/>
				<rain value="0" unit="mm"/>
				<humidity value="84"/>
				<pressure value="1017" unit="mb"/>
				<clouds value="18%"/>
				<snowline value="2600" unit="m"/>
				<windchill value="13" unit="°C"/>
				<uv_index value="0"/>
			</hour>
			<hour value="08:00">
				<temp value="13" unit="°C"/>
				<symbol value="3" desc="Ciel nuageux" value2="3" desc2="Ciel nuageux"/>
				<wind value="7" unit="km/h" dir="NW" symbol="8" symbolB="32"/>
				<wind-gusts value="14" unit="km/h"/>
				<rain value="0" unit="mm"/>
				<humidity value="87"/>
				<pressure value="1018" unit="mb"/>
				<clouds value="65%"/>
				<snowline value="2600" unit="m"/>
				<windchill value="13" unit="°C"/>
				<uv_index value="0"/>
			</hour>
			<hour value="11:00">
				<temp value="18" unit="°C"/>
				<symbol value="2" desc="Intervalles nuageux" value2="2" desc2="Intervalles nuageux"/>
				<wind value="9" unit="km/h" dir="S" symbol="5" symbolB="29"/>
				<wind-gusts value="15" unit="km/h"/>
				<rain value="0" unit="mm"/>
				<humidity value="66"/>
				<pressure value="1019" unit="mb"/>
				<clouds value="11%"/>
				<snowline value="2500" unit="m"/>
				<windchill value="18" unit="°C"/>
				<uv_index value="3"/>
			</hour>
			<hour value="14:00">
				<temp value="18" unit="°C"/>
				<symbol value="2" desc="Intervalles nuageux" value2="2" desc2="Intervalles nuageux"/>
				<wind value="12" unit="km/h" dir="S" symbol="13" symbolB="37"/>
				<wind-gusts value="25" unit="km/h"/>
				<rain value="0" unit="mm"/>
				<humidity value="66"/>
				<pressure value="1019" unit="mb"/>
				<clouds value="46%"/>
				<snowline value="2600" unit="m"/>
				<windchill value="18" unit="°C"/>
				<uv_index value="6"/>
			</hour>
			<hour value="17:00">
				<temp value="18" unit="°C"/>
				<symbol value="2" desc="Intervalles nuageux" value2="2" desc2="Intervalles nuageux"/>
				<wind value="9" unit="km/h" dir="S" symbol="13" symbolB="37"/>
				<wind-gusts value="24" unit="km/h"/>
				<rain value="0" unit="mm"/>
				<humidity value="69"/>
				<pressure value="1018" unit="mb"/>
				<clouds value="44%"/>
				<snowline value="2600" unit="m"/>
				<windchill value="18" unit="°C"/>
				<uv_index value="3"/>
			</hour>
			<hour value="20:00">
				<temp value="17" unit="°C"/>
				<symbol value="2" desc="Intervalles nuageux" value2="2" desc2="Intervalles nuageux"/>
				<wind value="4" unit="km/h" dir="SW" symbol="6" symbolB="38"/>
				<wind-gusts value="20" unit="km/h"/>
				<rain value="0" unit="mm"/>
				<humidity value="77"/>
				<pressure value="1019" unit="mb"/>
				<clouds value="16%"/>
				<snowline value="2600" unit="m"/>
				<windchill value="17" unit="°C"/>
				<uv_index value="0"/>
			</hour>
			<hour value="23:00">
				<temp value="16" unit="°C"/>
				<symbol value="1" desc="Ciel dégagé" value2="1" desc2="Ciel dégagé"/>
				<wind value="5" unit="km/h" dir="NW" symbol="8" symbolB="24"/>
				<wind-gusts value="8" unit="km/h"/>
				<rain value="0" unit="mm"/>
				<humidity value="82"/>
				<pressure value="1020" unit="mb"/>
				<clouds value="5%"/>
				<snowline value="2500" unit="m"/>
				<windchill value="16" unit="°C"/>
				<uv_index value="0"/>
			</hour>
		</day>
		<day value="20220506" name="Vendredi">
			<symbol value="2" desc="Intervalles nuageux" value2="2" desc2="Intervalles nuageux"/>
			<tempmin value="13" unit="°C"/>
			<tempmax value="22" unit="°C"/>
			<wind value="16" unit="km/h" symbol="13" symbolB="45"/>
			<wind-gusts value="29" unit="km/h"/>
			<rain value="0" unit="mm"/>
			<humidity value="66"/>
			<pressure value="1019" unit="mb"/>
			<snowline value="2400" unit="m"/>
			<uv_index_max value="6"/>
			<sun in="06:43" mid="13:48" out="20:54"/>
			<moon in="10:24" out="01:36" lumi="26.02%" desc="Lune croissante, 26.02% Éclairée" symbol="5"/>
			<local_info local_time="10:26" offset="2"/>
			<hour value="02:00">
				<temp value="15" unit="°C"/>
				<symbol value="2" desc="Intervalles nuageux" value2="2" desc2="Intervalles nuageux"/>
				<wind value="11" unit="km/h" dir="W" symbol="7" symbolB="31"/>
				<wind-gusts value="16" unit="km/h"/>
				<rain value="0" unit="mm"/>
				<humidity value="82"/>
				<pressure value="1020" unit="mb"/>
				<clouds value="14%"/>
				<snowline value="2500" unit="m"/>
				<windchill value="15" unit="°C"/>
				<uv_index value="0"/>
			</hour>
			<hour value="05:00">
				<temp value="13" unit="°C"/>
				<symbol value="2" desc="Intervalles nuageux" value2="2" desc2="Intervalles nuageux"/>
				<wind value="9" unit="km/h" dir="NW" symbol="8" symbolB="32"/>
				<wind-gusts value="18" unit="km/h"/>
				<rain value="0" unit="mm"/>
				<humidity value="86"/>
				<pressure value="1019" unit="mb"/>
				<clouds value="26%"/>
				<snowline value="2500" unit="m"/>
				<windchill value="13" unit="°C"/>
				<uv_index value="0"/>
			</hour>
			<hour value="08:00">
				<temp value="15" unit="°C"/>
				<symbol value="2" desc="Intervalles nuageux" value2="2" desc2="Intervalles nuageux"/>
				<wind value="10" unit="km/h" dir="NW" symbol="8" symbolB="40"/>
				<wind-gusts value="20" unit="km/h"/>
				<rain value="0" unit="mm"/>
				<humidity value="78"/>
				<pressure value="1019" unit="mb"/>
				<clouds value="31%"/>
				<snowline value="2400" unit="m"/>
				<windchill value="15" unit="°C"/>
				<uv_index value="0"/>
			</hour>
			<hour value="11:00">
				<temp value="21" unit="°C"/>
				<symbol value="2" desc="Intervalles nuageux" value2="2" desc2="Intervalles nuageux"/>
				<wind value="4" unit="km/h" dir="NW" symbol="8" symbolB="32"/>
				<wind-gusts value="17" unit="km/h"/>
				<rain value="0" unit="mm"/>
				<humidity value="44"/>
				<pressure value="1019" unit="mb"/>
				<clouds value="29%"/>
				<snowline value="2500" unit="m"/>
				<windchill value="21" unit="°C"/>
				<uv_index value="3"/>
			</hour>
			<hour value="14:00">
				<temp value="20" unit="°C"/>
				<symbol value="2" desc="Intervalles nuageux" value2="2" desc2="Intervalles nuageux"/>
				<wind value="15" unit="km/h" dir="S" symbol="13" symbolB="37"/>
				<wind-gusts value="25" unit="km/h"/>
				<rain value="0" unit="mm"/>
				<humidity value="63"/>
				<pressure value="1019" unit="mb"/>
				<clouds value="54%"/>
				<snowline value="2500" unit="m"/>
				<windchill value="20" unit="°C"/>
				<uv_index value="6"/>
			</hour>
			<hour value="17:00">
				<temp value="20" unit="°C"/>
				<symbol value="2" desc="Intervalles nuageux" value2="2" desc2="Intervalles nuageux"/>
				<wind value="16" unit="km/h" dir="S" symbol="13" symbolB="45"/>
				<wind-gusts value="29" unit="km/h"/>
				<rain value="0" unit="mm"/>
				<humidity value="51"/>
				<pressure value="1018" unit="mb"/>
				<clouds value="22%"/>
				<snowline value="2600" unit="m"/>
				<windchill value="20" unit="°C"/>
				<uv_index value="3"/>
			</hour>
			<hour value="20:00">
				<temp value="19" unit="°C"/>
				<symbol value="1" desc="Ciel dégagé" value2="1" desc2="Ciel dégagé"/>
				<wind value="11" unit="km/h" dir="SW" symbol="14" symbolB="38"/>
				<wind-gusts value="26" unit="km/h"/>
				<rain value="0" unit="mm"/>
				<humidity value="61"/>
				<pressure value="1018" unit="mb"/>
				<clouds value="3%"/>
				<snowline value="2700" unit="m"/>
				<windchill value="19" unit="°C"/>
				<uv_index value="0"/>
			</hour>
			<hour value="23:00">
				<temp value="16" unit="°C"/>
				<symbol value="1" desc="Ciel dégagé" value2="1" desc2="Ciel dégagé"/>
				<wind value="6" unit="km/h" dir="NW" symbol="8" symbolB="32"/>
				<wind-gusts value="17" unit="km/h"/>
				<rain value="0" unit="mm"/>
				<humidity value="75"/>
				<pressure value="1019" unit="mb"/>
				<clouds value="10%"/>
				<snowline value="2600" unit="m"/>
				<windchill value="16" unit="°C"/>
				<uv_index value="0"/>
			</hour>
		</day>
	</location>
</report>