<?xml version="1.0" encoding="UTF-8" ?>
<report>
	<location city="Berlin [Land de Berlin;Allemagne]">
		<interesting>
			<url description="Prévisions météo">https://www.tameteo.com/meteo_Berlin-Europe-Allemagne-Berlin--1-26301.html</url>
		</interesting>
	    <day value="20220502" name="Lundi">
			<symbol value="3" desc="Ciel nuageux" value2="3" desc2="Ciel nuageux"/>
			<tempmin value="0" unit="°C"/>
			<tempmax value="7" unit="°C"/>
			<wind value="21" unit="km/h" symbol="15" symbolB="55"/>
			<wind-gusts value="43" unit="km/h"/>
			<rain value="0" unit="mm"/>
			<humidity value="79"/>
			<pressure value="1027" unit="mb"/>
			<snowline value="400" unit="m"/>
			<uv_index_max value="1"/>
			<sun in="07:40" mid="12:19" out="16:59"/>
			<moon in="13:29" out="05:39" lumi="89.4%" desc="Lune croissante, 89.4% Éclairée" symbol="11"/>
			<local_info local_time="11:06" offset="1"/>
			<hour value="01:00">
				<temp value="2" unit="°C"/>
				<symbol value="4" desc="Ciel couvert" value2="4" desc2="Ciel couvert"/>
				<wind value="17" unit="km/h" dir="W" symbol="15" symbolB="47"/>
				<wind-gusts value="30" unit="km/h"/>
				<rain value="0" unit="mm"/>
				<humidity value="75"/>
				<pressure value="1030" unit="mb"/>
				<clouds value="96%"/>
				<snowline value="400" unit="m"/>
				<windchill value="-2" unit="°C"/>
				<uv_index value="0"/>
			</hour>
			<hour value="02:00">
				<temp value="2" unit="°C"/>
				<symbol value="2" desc="Intervalles nuageux" value2="2" desc2="Intervalles nuageux"/>
				<wind value="20" unit="km/h" dir="W" symbol="15" symbolB="47"/>
				<wind-gusts value="33" unit="km/h"/>
				<rain value="0" unit="mm"/>
				<humidity value="82"/>
				<pressure value="1029" unit="mb"/>
				<clouds value="27%"/>
				<snowline value="500" unit="m"/>
				<windchill value="-3" unit="°C"/>
				<uv_index value="0"/>
			</hour>
			<hour value="03:00">
				<temp value="2" unit="°C"/>
				<symbol value="2" desc="Intervalles nuageux" value2="2" desc2="Intervalles nuageux"/>
				<wind value="20" unit="km/h" dir="W" symbol="15" symbolB="47"/>
				<wind-gusts value="33" unit="km/h"/>
				<rain value="0" unit="mm"/>
				<humidity value="82"/>
				<pressure value="1029" unit="mb"/>
				<clouds value="38%"/>
				<snowline value="500" unit="m"/>
				<windchill value="-2" unit="°C"/>
				<uv_index value="0"/>
			</hour>
			<hour value="04:00">
				<temp value="2" unit="°C"/>
				<symbol value="2" desc="Intervalles nuageux" value2="2" desc2="Intervalles nuageux"/>
				<wind value="19" unit="km/h" dir="W" symbol="15" symbolB="47"/>
				<wind-gusts value="33" unit="km/h"/>
				<rain value="0" unit="mm"/>
				<humidity value="82"/>
				<pressure value="1028" unit="mb"/>
				<clouds value="50%"/>
				<snowline value="500" unit="m"/>
				<windchill value="-2" unit="°C"/>
				<uv_index value="0"/>
			</hour>
			<hour value="05:00">
				<temp value="2" unit="°C"/>
				<symbol value="3" desc="Ciel nuageux" value2="3" desc2="Ciel nuageux"/>
				<wind value="18" unit="km/h" dir="W" symbol="15" symbolB="47"/>
				<wind-gusts value="33" unit="km/h"/>
				<rain value="0" unit="mm"/>
				<humidity value="81"/>
				<pressure value="1028" unit="mb"/>
				<clouds value="62%"/>
				<snowline value="500" unit="m"/>
				<windchill value="-1" unit="°C"/>
				<uv_index value="0"/>
			</hour>
			<hour value="06:00">
				<temp value="3" unit="°C"/>
				<symbol value="3" desc="Ciel nuageux" value2="3" desc2="Ciel nuageux"/>
				<wind value="18" unit="km/h" dir="W" symbol="15" symbolB="47"/>
				<wind-gusts value="33" unit="km/h"/>
				<rain value="0" unit="mm"/>
				<humidity value="81"/>
				<pressure value="1028" unit="mb"/>
				<clouds value="74%"/>
				<snowline value="500" unit="m"/>
				<windchill value="-1" unit="°C"/>
				<uv_index value="0"/>
			</hour>
			<hour value="07:00">
				<temp value="3" unit="°C"/>
				<symbol value="3" desc="Ciel nuageux" value2="3" desc2="Ciel nuageux"/>
				<wind value="18" unit="km/h" dir="W" symbol="15" symbolB="47"/>
				<wind-gusts value="34" unit="km/h"/>
				<rain value="0" unit="mm"/>
				<humidity value="81"/>
				<pressure value="1028" unit="mb"/>
				<clouds value="86%"/>
				<snowline value="500" unit="m"/>
				<windchill value="-1" unit="°C"/>
				<uv_index value="0"/>
			</hour>
			<hour value="08:00">
				<temp value="3" unit="°C"/>
				<symbol value="3" desc="Ciel nuageux" value2="3" desc2="Ciel nuageux"/>
				<wind value="17" unit="km/h" dir="W" symbol="15" symbolB="47"/>
				<wind-gusts value="32" unit="km/h"/>
				<rain value="0" unit="mm"/>
				<humidity value="81"/>
				<pressure value="1028" unit="mb"/>
				<clouds value="90%"/>
				<snowline value="500" unit="m"/>
				<windchill value="0" unit="°C"/>
				<uv_index value="0"/>
			</hour>
			<hour value="09:00">
				<temp value="4" unit="°C"/>
				<symbol value="3" desc="Ciel nuageux" value2="3" desc2="Ciel nuageux"/>
				<wind value="17" unit="km/h" dir="W" symbol="15" symbolB="47"/>
				<wind-gusts value="31" unit="km/h"/>
				<rain value="0" unit="mm"/>
				<humidity value="82"/>
				<pressure value="1028" unit="mb"/>
				<clouds value="95%"/>
				<snowline value="500" unit="m"/>
				<windchill value="0" unit="°C"/>
				<uv_index value="0"/>
			</hour>
			<hour value="10:00">
				<temp value="4" unit="°C"/>
				<symbol value="4" desc="Ciel couvert" value2="4" desc2="Ciel couvert"/>
				<wind value="17" unit="km/h" dir="W" symbol="15" symbolB="47"/>
				<wind-gusts value="31" unit="km/h"/>
				<rain value="0" unit="mm"/>
				<humidity value="82"/>
				<pressure value="1028" unit="mb"/>
				<clouds value="99%"/>
				<snowline value="600" unit="m"/>
				<windchill value="1" unit="°C"/>
				<uv_index value="0"/>
			</hour>
			<hour value="11:00">
				<temp value="5" unit="°C"/>
				<symbol value="3" desc="Ciel nuageux" value2="3" desc2="Ciel nuageux"/>
				<wind value="18" unit="km/h" dir="W" symbol="15" symbolB="47"/>
				<wind-gusts value="34" unit="km/h"/>
				<rain value="0" unit="mm"/>
				<humidity value="82"/>
				<pressure value="1027" unit="mb"/>
				<clouds value="95%"/>
				<snowline value="600" unit="m"/>
				<windchill value="1" unit="°C"/>
				<uv_index value="0"/>
			</hour>
			<hour value="12:00">
				<temp value="5" unit="°C"/>
				<symbol value="3" desc="Ciel nuageux" value2="3" desc2="Ciel nuageux"/>
				<wind value="20" unit="km/h" dir="W" symbol="15" symbolB="55"/>
				<wind-gusts value="39" unit="km/h"/>
				<rain value="0" unit="mm"/>
				<humidity value="81"/>
				<pressure value="1027" unit="mb"/>
				<clouds value="92%"/>
				<snowline value="700" unit="m"/>
				<windchill value="2" unit="°C"/>
				<uv_index value="0"/>
			</hour>
			<hour value="13:00">
				<temp value="6" unit="°C"/>
				<symbol value="3" desc="Ciel nuageux" value2="3" desc2="Ciel nuageux"/>
				<wind value="21" unit="km/h" dir="W" symbol="15" symbolB="55"/>
				<wind-gusts value="42" unit="km/h"/>
				<rain value="0" unit="mm"/>
				<humidity value="80"/>
				<pressure value="1027" unit="mb"/>
				<clouds value="88%"/>
				<snowline value="800" unit="m"/>
				<windchill value="2" unit="°C"/>
				<uv_index value="1"/>
			</hour>
			<hour value="14:00">
				<temp value="6" unit="°C"/>
				<symbol value="3" desc="Ciel nuageux" value2="3" desc2="Ciel nuageux"/>
				<wind value="21" unit="km/h" dir="W" symbol="15" symbolB="55"/>
				<wind-gusts value="43" unit="km/h"/>
				<rain value="0" unit="mm"/>
				<humidity value="78"/>
				<pressure value="1027" unit="mb"/>
				<clouds value="92%"/>
				<snowline value="800" unit="m"/>
				<windchill value="3" unit="°C"/>
				<uv_index value="0"/>
			</hour>
			<hour value="15:00">
				<temp value="6" unit="°C"/>
				<symbol value="4" desc="Ciel couvert" value2="4" desc2="Ciel couvert"/>
				<wind value="21" unit="km/h" dir="W" symbol="15" symbolB="55"/>
				<wind-gusts value="43" unit="km/h"/>
				<rain value="0" unit="mm"/>
				<humidity value="76"/>
				<pressure value="1027" unit="mb"/>
				<clouds value="96%"/>
				<snowline value="800" unit="m"/>
				<windchill value="3" unit="°C"/>
				<uv_index value="0"/>
			</hour>
			<hour value="16:00">
				<temp value="6" unit="°C"/>
				<symbol value="4" desc="Ciel couvert" value2="4" desc2="Ciel couvert"/>
				<wind value="21" unit="km/h" dir="W" symbol="15" symbolB="55"/>
				<wind-gusts value="41" unit="km/h"/>
				<rain value="0" unit="mm"/>
				<humidity value="75"/>
				<pressure value="1026" unit="mb"/>
				<clouds value="100%"/>
				<snowline value="800" unit="m"/>
				<windchill value="3" unit="°C"/>
				<uv_index value="0"/>
			</hour>
			<hour value="17:00">
				<temp value="6" unit="°C"/>
				<symbol value="4" desc="Ciel couvert" value2="4" desc2="Ciel couvert"/>
				<wind value="20" unit="km/h" dir="W" symbol="15" symbolB="55"/>
				<wind-gusts value="40" unit="km/h"/>
				<rain value="0" unit="mm"/>
				<humidity value="74"/>
				<pressure value="1027" unit="mb"/>
				<clouds value="100%"/>
				<snowline value="800" unit="m"/>
				<windchill value="3" unit="°C"/>
				<uv_index value="0"/>
			</hour>
			<hour value="18:00">
				<temp value="6" unit="°C"/>
				<symbol value="4" desc="Ciel couvert" value2="4" desc2="Ciel couvert"/>
				<wind value="20" unit="km/h" dir="W" symbol="15" symbolB="47"/>
				<wind-gusts value="38" unit="km/h"/>
				<rain value="0" unit="mm"/>
				<humidity value="75"/>
				<pressure value="1027" unit="mb"/>
				<clouds value="100%"/>
				<snowline value="900" unit="m"/>
				<windchill value="3" unit="°C"/>
				<uv_index value="0"/>
			</hour>
			<hour value="19:00">
				<temp value="6" unit="°C"/>
				<symbol value="4" desc="Ciel couvert" value2="4" desc2="Ciel couvert"/>
				<wind value="19" unit="km/h" dir="W" symbol="15" symbolB="47"/>
				<wind-gusts value="36" unit="km/h"/>
				<rain value="0" unit="mm"/>
				<humidity value="75"/>
				<pressure value="1027" unit="mb"/>
				<clouds value="100%"/>
				<snowline value="900" unit="m"/>
				<windchill value="3" unit="°C"/>
				<uv_index value="0"/>
			</hour>
			<hour value="20:00">
				<temp value="6" unit="°C"/>
				<symbol value="4" desc="Ciel couvert" value2="4" desc2="Ciel couvert"/>
				<wind value="19" unit="km/h" dir="W" symbol="15" symbolB="47"/>
				<wind-gusts value="36" unit="km/h"/>
				<rain value="0" unit="mm"/>
				<humidity value="76"/>
				<pressure value="1027" unit="mb"/>
				<clouds value="100%"/>
				<snowline value="1000" unit="m"/>
				<windchill value="3" unit="°C"/>
				<uv_index value="0"/>
			</hour>
			<hour value="21:00">
				<temp value="6" unit="°C"/>
				<symbol value="4" desc="Ciel couvert" value2="4" desc2="Ciel couvert"/>
				<wind value="18" unit="km/h" dir="W" symbol="15" symbolB="47"/>
				<wind-gusts value="35" unit="km/h"/>
				<rain value="0" unit="mm"/>
				<humidity value="77"/>
				<pressure value="1027" unit="mb"/>
				<clouds value="100%"/>
				<snowline value="1000" unit="m"/>
				<windchill value="3" unit="°C"/>
				<uv_index value="0"/>
			</hour>
			<hour value="22:00">
				<temp value="6" unit="°C"/>
				<symbol value="4" desc="Ciel couvert" value2="4" desc2="Ciel couvert"/>
				<wind value="18" unit="km/h" dir="W" symbol="15" symbolB="47"/>
				<wind-gusts value="35" unit="km/h"/>
				<rain value="0" unit="mm"/>
				<humidity value="78"/>
				<pressure value="1027" unit="mb"/>
				<clouds value="100%"/>
				<snowline value="1000" unit="m"/>
				<windchill value="3" unit="°C"/>
				<uv_index value="0"/>
			</hour>
			<hour value="23:00">
				<temp value="6" unit="°C"/>
				<symbol value="4" desc="Ciel couvert" value2="4" desc2="Ciel couvert"/>
				<wind value="16" unit="km/h" dir="W" symbol="15" symbolB="47"/>
				<wind-gusts value="34" unit="km/h"/>
				<rain value="0" unit="mm"/>
				<humidity value="79"/>
				<pressure value="1027" unit="mb"/>
				<clouds value="100%"/>
				<snowline value="1000" unit="m"/>
				<windchill value="3" unit="°C"/>
				<uv_index value="0"/>
			</hour>
			<hour value="24:00">
				<temp value="6" unit="°C"/>
				<symbol value="4" desc="Ciel couvert" value2="4" desc2="Ciel couvert"/>
				<wind value="15" unit="km/h" dir="W" symbol="15" symbolB="47"/>
				<wind-gusts value="32" unit="km/h"/>
				<rain value="0" unit="mm"/>
				<humidity value="81"/>
				<pressure value="1028" unit="mb"/>
				<clouds value="100%"/>
				<snowline value="900" unit="m"/>
				<windchill value="3" unit="°C"/>
				<uv_index value="0"/>
			</hour>
		</day>
		<day value="20220503" name="Mardi">
			<symbol value="3" desc="Ciel nuageux" value2="3" desc2="Ciel nuageux"/>
			<tempmin value="4" unit="°C"/>
			<tempmax value="8" unit="°C"/>
			<wind value="14" unit="km/h" symbol="15" symbolB="47"/>
			<wind-gusts value="31" unit="km/h"/>
			<rain value="0" unit="mm"/>
			<humidity value="85"/>
			<pressure value="1029" unit="mb"/>
			<snowline value="1000" unit="m"/>
			<uv_index_max value="1"/>
			<sun in="07:38" mid="12:19" out="17:01"/>
			<moon in="14:32" out="06:38" lumi="95.28%" desc="Lune croissante, 95.28% Éclairée" symbol="12"/>
			<local_info local_time="11:06" offset="1"/>
			<hour value="01:00">
				<temp value="6" unit="°C"/>
				<symbol value="4" desc="Ciel couvert" value2="4" desc2="Ciel couvert"/>
				<wind value="14" unit="km/h" dir="W" symbol="15" symbolB="47"/>
				<wind-gusts value="31" unit="km/h"/>
				<rain value="0" unit="mm"/>
				<humidity value="83"/>
				<pressure value="1028" unit="mb"/>
				<clouds value="100%"/>
				<snowline value="1000" unit="m"/>
				<windchill value="3" unit="°C"/>
				<uv_index value="0"/>
			</hour>
			<hour value="02:00">
				<temp value="6" unit="°C"/>
				<symbol value="4" desc="Ciel couvert" value2="4" desc2="Ciel couvert"/>
				<wind value="13" unit="km/h" dir="W" symbol="15" symbolB="47"/>
				<wind-gusts value="29" unit="km/h"/>
				<rain value="0" unit="mm"/>
				<humidity value="85"/>
				<pressure value="1028" unit="mb"/>
				<clouds value="100%"/>
				<snowline value="1200" unit="m"/>
				<windchill value="3" unit="°C"/>
				<uv_index value="0"/>
			</hour>
			<hour value="03:00">
				<temp value="6" unit="°C"/>
				<symbol value="4" desc="Ciel couvert" value2="4" desc2="Ciel couvert"/>
				<wind value="13" unit="km/h" dir="NW" symbol="16" symbolB="40"/>
				<wind-gusts value="26" unit="km/h"/>
				<rain value="0" unit="mm"/>
				<humidity value="86"/>
				<pressure value="1028" unit="mb"/>
				<clouds value="100%"/>
				<snowline value="1600" unit="m"/>
				<windchill value="3" unit="°C"/>
				<uv_index value="0"/>
			</hour>
			<hour value="04:00">
				<temp value="5" unit="°C"/>
				<symbol value="4" desc="Ciel couvert" value2="4" desc2="Ciel couvert"/>
				<wind value="12" unit="km/h" dir="NW" symbol="16" symbolB="40"/>
				<wind-gusts value="24" unit="km/h"/>
				<rain value="0" unit="mm"/>
				<humidity value="88"/>
				<pressure value="1028" unit="mb"/>
				<clouds value="100%"/>
				<snowline value="1800" unit="m"/>
				<windchill value="3" unit="°C"/>
				<uv_index value="0"/>
			</hour>
			<hour value="05:00">
				<temp value="5" unit="°C"/>
				<symbol value="3" desc="Ciel nuageux" value2="3" desc2="Ciel nuageux"/>
				<wind value="10" unit="km/h" dir="NW" symbol="16" symbolB="40"/>
				<wind-gusts value="23" unit="km/h"/>
				<rain value="0" unit="mm"/>
				<humidity value="90"/>
				<pressure value="1028" unit="mb"/>
				<clouds value="89%"/>
				<snowline value="1800" unit="m"/>
				<windchill value="3" unit="°C"/>
				<uv_index value="0"/>
			</hour>
			<hour value="06:00">
				<temp value="5" unit="°C"/>
				<symbol value="3" desc="Ciel nuageux" value2="3" desc2="Ciel nuageux"/>
				<wind value="8" unit="km/h" dir="NW" symbol="16" symbolB="40"/>
				<wind-gusts value="21" unit="km/h"/>
				<rain value="0" unit="mm"/>
				<humidity value="93"/>
				<pressure value="1029" unit="mb"/>
				<clouds value="78%"/>
				<snowline value="1700" unit="m"/>
				<windchill value="3" unit="°C"/>
				<uv_index value="0"/>
			</hour>
			<hour value="07:00">
				<temp value="5" unit="°C"/>
				<symbol value="3" desc="Ciel nuageux" value2="3" desc2="Ciel nuageux"/>
				<wind value="7" unit="km/h" dir="NW" symbol="16" symbolB="40"/>
				<wind-gusts value="20" unit="km/h"/>
				<rain value="0" unit="mm"/>
				<humidity value="94"/>
				<pressure value="1029" unit="mb"/>
				<clouds value="67%"/>
				<snowline value="1700" unit="m"/>
				<windchill value="4" unit="°C"/>
				<uv_index value="0"/>
			</hour>
			<hour value="08:00">
				<temp value="5" unit="°C"/>
				<symbol value="3" desc="Ciel nuageux" value2="3" desc2="Ciel nuageux"/>
				<wind value="7" unit="km/h" dir="NW" symbol="8" symbolB="32"/>
				<wind-gusts value="19" unit="km/h"/>
				<rain value="0" unit="mm"/>
				<humidity value="94"/>
				<pressure value="1029" unit="mb"/>
				<clouds value="78%"/>
				<snowline value="1600" unit="m"/>
				<windchill value="4" unit="°C"/>
				<uv_index value="0"/>
			</hour>
			<hour value="09:00">
				<temp value="5" unit="°C"/>
				<symbol value="3" desc="Ciel nuageux" value2="3" desc2="Ciel nuageux"/>
				<wind value="7" unit="km/h" dir="NW" symbol="8" symbolB="32"/>
				<wind-gusts value="17" unit="km/h"/>
				<rain value="0" unit="mm"/>
				<humidity value="92"/>
				<pressure value="1030" unit="mb"/>
				<clouds value="89%"/>
				<snowline value="1600" unit="m"/>
				<windchill value="4" unit="°C"/>
				<uv_index value="0"/>
			</hour>
			<hour value="10:00">
				<temp value="6" unit="°C"/>
				<symbol value="4" desc="Ciel couvert" value2="4" desc2="Ciel couvert"/>
				<wind value="8" unit="km/h" dir="NW" symbol="8" symbolB="32"/>
				<wind-gusts value="16" unit="km/h"/>
				<rain value="0" unit="mm"/>
				<humidity value="90"/>
				<pressure value="1030" unit="mb"/>
				<clouds value="100%"/>
				<snowline value="1600" unit="m"/>
				<windchill value="4" unit="°C"/>
				<uv_index value="0"/>
			</hour>
			<hour value="11:00">
				<temp value="6" unit="°C"/>
				<symbol value="4" desc="Ciel couvert" value2="4" desc2="Ciel couvert"/>
				<wind value="7" unit="km/h" dir="W" symbol="7" symbolB="31"/>
				<wind-gusts value="16" unit="km/h"/>
				<rain value="0" unit="mm"/>
				<humidity value="88"/>
				<pressure value="1030" unit="mb"/>
				<clouds value="96%"/>
				<snowline value="1600" unit="m"/>
				<windchill value="5" unit="°C"/>
				<uv_index value="0"/>
			</hour>
			<hour value="12:00">
				<temp value="6" unit="°C"/>
				<symbol value="3" desc="Ciel nuageux" value2="3" desc2="Ciel nuageux"/>
				<wind value="7" unit="km/h" dir="W" symbol="7" symbolB="31"/>
				<wind-gusts value="16" unit="km/h"/>
				<rain value="0" unit="mm"/>
				<humidity value="85"/>
				<pressure value="1030" unit="mb"/>
				<clouds value="92%"/>
				<snowline value="1500" unit="m"/>
				<windchill value="5" unit="°C"/>
				<uv_index value="1"/>
			</hour>
			<hour value="13:00">
				<temp value="7" unit="°C"/>
				<symbol value="3" desc="Ciel nuageux" value2="3" desc2="Ciel nuageux"/>
				<wind value="6" unit="km/h" dir="W" symbol="7" symbolB="31"/>
				<wind-gusts value="16" unit="km/h"/>
				<rain value="0" unit="mm"/>
				<humidity value="83"/>
				<pressure value="1030" unit="mb"/>
				<clouds value="88%"/>
				<snowline value="1500" unit="m"/>
				<windchill value="6" unit="°C"/>
				<uv_index value="1"/>
			</hour>
			<hour value="14:00">
				<temp value="7" unit="°C"/>
				<symbol value="3" desc="Ciel nuageux" value2="3" desc2="Ciel nuageux"/>
				<wind value="4" unit="km/h" dir="W" symbol="7" symbolB="31"/>
				<wind-gusts value="15" unit="km/h"/>
				<rain value="0" unit="mm"/>
				<humidity value="81"/>
				<pressure value="1030" unit="mb"/>
				<clouds value="89%"/>
				<snowline value="1500" unit="m"/>
				<windchill value="7" unit="°C"/>
				<uv_index value="0"/>
			</hour>
			<hour value="15:00">
				<temp value="7" unit="°C"/>
				<symbol value="3" desc="Ciel nuageux" value2="3" desc2="Ciel nuageux"/>
				<wind value="3" unit="km/h" dir="W" symbol="7" symbolB="31"/>
				<wind-gusts value="15" unit="km/h"/>
				<rain value="0" unit="mm"/>
				<humidity value="79"/>
				<pressure value="1029" unit="mb"/>
				<clouds value="89%"/>
				<snowline value="1500" unit="m"/>
				<windchill value="8" unit="°C"/>
				<uv_index value="0"/>
			</hour>
			<hour value="16:00">
				<temp value="7" unit="°C"/>
				<symbol value="3" desc="Ciel nuageux" value2="3" desc2="Ciel nuageux"/>
				<wind value="2" unit="km/h" dir="SW" symbol="6" symbolB="30"/>
				<wind-gusts value="14" unit="km/h"/>
				<rain value="0" unit="mm"/>
				<humidity value="78"/>
				<pressure value="1029" unit="mb"/>
				<clouds value="90%"/>
				<snowline value="1600" unit="m"/>
				<windchill value="8" unit="°C"/>
				<uv_index value="0"/>
			</hour>
			<hour value="17:00">
				<temp value="7" unit="°C"/>
				<symbol value="3" desc="Ciel nuageux" value2="3" desc2="Ciel nuageux"/>
				<wind value="4" unit="km/h" dir="S" symbol="5" symbolB="29"/>
				<wind-gusts value="14" unit="km/h"/>
				<rain value="0" unit="mm"/>
				<humidity value="79"/>
				<pressure value="1029" unit="mb"/>
				<clouds value="93%"/>
				<snowline value="1800" unit="m"/>
				<windchill value="7" unit="°C"/>
				<uv_index value="0"/>
			</hour>
			<hour value="18:00">
				<temp value="6" unit="°C"/>
				<symbol value="3" desc="Ciel nuageux" value2="3" desc2="Ciel nuageux"/>
				<wind value="7" unit="km/h" dir="S" symbol="5" symbolB="29"/>
				<wind-gusts value="14" unit="km/h"/>
				<rain value="0" unit="mm"/>
				<humidity value="81"/>
				<pressure value="1029" unit="mb"/>
				<clouds value="95%"/>
				<snowline value="2100" unit="m"/>
				<windchill value="5" unit="°C"/>
				<uv_index value="0"/>
			</hour>
			<hour value="19:00">
				<temp value="6" unit="°C"/>
				<symbol value="4" desc="Ciel couvert" value2="4" desc2="Ciel couvert"/>
				<wind value="9" unit="km/h" dir="S" symbol="5" symbolB="29"/>
				<wind-gusts value="15" unit="km/h"/>
				<rain value="0" unit="mm"/>
				<humidity value="82"/>
				<pressure value="1029" unit="mb"/>
				<clouds value="98%"/>
				<snowline value="2400" unit="m"/>
				<windchill value="4" unit="°C"/>
				<uv_index value="0"/>
			</hour>
			<hour value="20:00">
				<temp value="6" unit="°C"/>
				<symbol value="4" desc="Ciel couvert" value2="4" desc2="Ciel couvert"/>
				<wind value="10" unit="km/h" dir="S" symbol="5" symbolB="29"/>
				<wind-gusts value="16" unit="km/h"/>
				<rain value="0" unit="mm"/>
				<humidity value="82"/>
				<pressure value="1029" unit="mb"/>
				<clouds value="98%"/>
				<snowline value="2500" unit="m"/>
				<windchill value="4" unit="°C"/>
				<uv_index value="0"/>
			</hour>
			<hour value="21:00">
				<temp value="5" unit="°C"/>
				<symbol value="4" desc="Ciel couvert" value2="4" desc2="Ciel couvert"/>
				<wind value="11" unit="km/h" dir="SE" symbol="4" symbolB="28"/>
				<wind-gusts value="17" unit="km/h"/>
				<rain value="0" unit="mm"/>
				<humidity value="81"/>
				<pressure value="1029" unit="mb"/>
				<clouds value="98%"/>
				<snowline value="2500" unit="m"/>
				<windchill value="3" unit="°C"/>
				<uv_index value="0"/>
			</hour>
			<hour value="22:00">
				<temp value="5" unit="°C"/>
				<symbol value="4" desc="Ciel couvert" value2="4" desc2="Ciel couvert"/>
				<wind value="11" unit="km/h" dir="SE" symbol="4" symbolB="28"/>
				<wind-gusts value="19" unit="km/h"/>
				<rain value="0" unit="mm"/>
				<humidity value="81"/>
				<pressure value="1028" unit="mb"/>
				<clouds value="97%"/>
				<snowline value="2500" unit="m"/>
				<windchill value="3" unit="°C"/>
				<uv_index value="0"/>
			</hour>
			<hour value="23:00">
				<temp value="5" unit="°C"/>
				<symbol value="3" desc="Ciel nuageux" value2="3" desc2="Ciel nuageux"/>
				<wind value="11" unit="km/h" dir="SE" symbol="4" symbolB="28"/>
				<wind-gusts value="19" unit="km/h"/>
				<rain value="0" unit="mm"/>
				<humidity value="83"/>
				<pressure value="1028" unit="mb"/>
				<clouds value="89%"/>
				<snowline value="2500" unit="m"/>
				<windchill value="3" unit="°C"/>
				<uv_index value="0"/>
			</hour>
			<hour value="24:00">
				<temp value="5" unit="°C"/>
				<symbol value="3" desc="Ciel nuageux" value2="3" desc2="Ciel nuageux"/>
				<wind value="11" unit="km/h" dir="SE" symbol="4" symbolB="28"/>
				<wind-gusts value="19" unit="km/h"/>
				<rain value="0" unit="mm"/>
				<humidity value="85"/>
				<pressure value="1028" unit="mb"/>
				<clouds value="81%"/>
				<snowline value="2500" unit="m"/>
				<windchill value="2" unit="°C"/>
				<uv_index value="0"/>
			</hour>
		</day>
		<day value="20220504" name="Mercredi">
			<symbol value="2" desc="Intervalles nuageux" value2="2" desc2="Intervalles nuageux"/>
			<tempmin value="1" unit="°C"/>
			<tempmax value="9" unit="°C"/>
			<wind value="17" unit="km/h" symbol="13" symbolB="45"/>
			<wind-gusts value="35" unit="km/h"/>
			<rain value="0" unit="mm"/>
			<humidity value="80"/>
			<pressure value="1024" unit="mb"/>
			<snowline value="1800" unit="m"/>
			<uv_index_max value="1"/>
			<sun in="07:37" mid="12:19" out="17:03"/>
			<moon in="15:49" out="07:26" lumi="98.91%" desc="Pleine Lune, 98.91% Éclairée" symbol="13"/>
			<local_info local_time="11:06" offset="1"/>
			<hour value="01:00">
				<temp value="4" unit="°C"/>
				<symbol value="3" desc="Ciel nuageux" value2="3" desc2="Ciel nuageux"/>
				<wind value="11" unit="km/h" dir="SE" symbol="4" symbolB="36"/>
				<wind-gusts value="20" unit="km/h"/>
				<rain value="0" unit="mm"/>
				<humidity value="88"/>
				<pressure value="1027" unit="mb"/>
				<clouds value="72%"/>
				<snowline value="2500" unit="m"/>
				<windchill value="2" unit="°C"/>
				<uv_index value="0"/>
			</hour>
			<hour value="04:00">
				<temp value="3" unit="°C"/>
				<symbol value="1" desc="Ciel dégagé" value2="1" desc2="Ciel dégagé"/>
				<wind value="13" unit="km/h" dir="SE" symbol="12" symbolB="36"/>
				<wind-gusts value="22" unit="km/h"/>
				<rain value="0" unit="mm"/>
				<humidity value="92"/>
				<pressure value="1026" unit="mb"/>
				<clouds value="5%"/>
				<snowline value="2600" unit="m"/>
				<windchill value="0" unit="°C"/>
				<uv_index value="0"/>
			</hour>
			<hour value="07:00">
				<temp value="1" unit="°C"/>
				<symbol value="1" desc="Ciel dégagé" value2="1" desc2="Ciel dégagé"/>
				<wind value="13" unit="km/h" dir="S" symbol="13" symbolB="37"/>
				<wind-gusts value="23" unit="km/h"/>
				<rain value="0" unit="mm"/>
				<humidity value="95"/>
				<pressure value="1025" unit="mb"/>
				<clouds value="2%"/>
				<snowline value="2500" unit="m"/>
				<windchill value="-2" unit="°C"/>
				<uv_index value="0"/>
			</hour>
			<hour value="10:00">
				<temp value="4" unit="°C"/>
				<symbol value="1" desc="Ciel dégagé" value2="1" desc2="Ciel dégagé"/>
				<wind value="16" unit="km/h" dir="S" symbol="13" symbolB="45"/>
				<wind-gusts value="30" unit="km/h"/>
				<rain value="0" unit="mm"/>
				<humidity value="83"/>
				<pressure value="1024" unit="mb"/>
				<clouds value="0%"/>
				<snowline value="2500" unit="m"/>
				<windchill value="1" unit="°C"/>
				<uv_index value="0"/>
			</hour>
			<hour value="13:00">
				<temp value="8" unit="°C"/>
				<symbol value="1" desc="Ciel dégagé" value2="1" desc2="Ciel dégagé"/>
				<wind value="17" unit="km/h" dir="S" symbol="13" symbolB="45"/>
				<wind-gusts value="35" unit="km/h"/>
				<rain value="0" unit="mm"/>
				<humidity value="61"/>
				<pressure value="1023" unit="mb"/>
				<clouds value="0%"/>
				<snowline value="2400" unit="m"/>
				<windchill value="6" unit="°C"/>
				<uv_index value="1"/>
			</hour>
			<hour value="16:00">
				<temp value="8" unit="°C"/>
				<symbol value="1" desc="Ciel dégagé" value2="1" desc2="Ciel dégagé"/>
				<wind value="11" unit="km/h" dir="S" symbol="13" symbolB="45"/>
				<wind-gusts value="33" unit="km/h"/>
				<rain value="0" unit="mm"/>
				<humidity value="66"/>
				<pressure value="1022" unit="mb"/>
				<clouds value="0%"/>
				<snowline value="2300" unit="m"/>
				<windchill value="6" unit="°C"/>
				<uv_index value="0"/>
			</hour>
			<hour value="19:00">
				<temp value="4" unit="°C"/>
				<symbol value="2" desc="Intervalles nuageux" value2="2" desc2="Intervalles nuageux"/>
				<wind value="12" unit="km/h" dir="S" symbol="5" symbolB="29"/>
				<wind-gusts value="19" unit="km/h"/>
				<rain value="0" unit="mm"/>
				<humidity value="80"/>
				<pressure value="1022" unit="mb"/>
				<clouds value="20%"/>
				<snowline value="2300" unit="m"/>
				<windchill value="1" unit="°C"/>
				<uv_index value="0"/>
			</hour>
			<hour value="22:00">
				<temp value="4" unit="°C"/>
				<symbol value="3" desc="Ciel nuageux" value2="3" desc2="Ciel nuageux"/>
				<wind value="13" unit="km/h" dir="S" symbol="13" symbolB="37"/>
				<wind-gusts value="21" unit="km/h"/>
				<rain value="0" unit="mm"/>
				<humidity value="79"/>
				<pressure value="1021" unit="mb"/>
				<clouds value="66%"/>
				<snowline value="1800" unit="m"/>
				<windchill value="1" unit="°C"/>
				<uv_index value="0"/>
			</hour>
		</day>
		<day value="20220505" name="Jeudi">
			<symbol value="6" desc="Ciel nuageux avec pluies faibles" value2="6" desc2="Ciel nuageux avec pluies faibles"/>
			<tempmin value="3" unit="°C"/>
			<tempmax value="12" unit="°C"/>
			<wind value="39" unit="km/h" symbol="22" symbolB="86"/>
			<wind-gusts value="91" unit="km/h"/>
			<rain value="1.5" unit="mm"/>
			<humidity value="69"/>
			<pressure value="1013" unit="mb"/>
			<snowline value="1700" unit="m"/>
			<uv_index_max value="1"/>
			<sun in="07:35" mid="12:19" out="17:05"/>
			<moon in="17:13" out="08:04" lumi="99.87%" desc="Pleine Lune, 99.87% Éclairée" symbol="14"/>
			<local_info local_time="11:06" offset="1"/>
			<hour value="01:00">
				<temp value="4" unit="°C"/>
				<symbol value="3" desc="Ciel nuageux" value2="3" desc2="Ciel nuageux"/>
				<wind value="13" unit="km/h" dir="SW" symbol="14" symbolB="38"/>
				<wind-gusts value="22" unit="km/h"/>
				<rain value="0" unit="mm"/>
				<humidity value="81"/>
				<pressure value="1021" unit="mb"/>
				<clouds value="61%"/>
				<snowline value="1700" unit="m"/>
				<windchill value="1" unit="°C"/>
				<uv_index value="0"/>
			</hour>
			<hour value="04:00">
				<temp value="4" unit="°C"/>
				<symbol value="3" desc="Ciel nuageux" value2="3" desc2="Ciel nuageux"/>
				<wind value="15" unit="km/h" dir="S" symbol="13" symbolB="37"/>
				<wind-gusts value="26" unit="km/h"/>
				<rain value="0" unit="mm"/>
				<humidity value="80"/>
				<pressure value="1019" unit="mb"/>
				<clouds value="70%"/>
				<snowline value="1700" unit="m"/>
				<windchill value="1" unit="°C"/>
				<uv_index value="0"/>
			</hour>
			<hour value="07:00">
				<temp value="5" unit="°C"/>
				<symbol value="4" desc="Ciel couvert" value2="4" desc2="Ciel couvert"/>
				<wind value="18" unit="km/h" dir="SW" symbol="14" symbolB="46"/>
				<wind-gusts value="31" unit="km/h"/>
				<rain value="0" unit="mm"/>
				<humidity value="77"/>
				<pressure value="1019" unit="mb"/>
				<clouds value="100%"/>
				<snowline value="1700" unit="m"/>
				<windchill value="2" unit="°C"/>
				<uv_index value="0"/>
			</hour>
			<hour value="10:00">
				<temp value="8" unit="°C"/>
				<symbol value="1" desc="Ciel dégagé" value2="1" desc2="Ciel dégagé"/>
				<wind value="21" unit="km/h" dir="SW" symbol="14" symbolB="46"/>
				<wind-gusts value="37" unit="km/h"/>
				<rain value="0" unit="mm"/>
				<humidity value="71"/>
				<pressure value="1017" unit="mb"/>
				<clouds value="2%"/>
				<snowline value="1700" unit="m"/>
				<windchill value="5" unit="°C"/>
				<uv_index value="0"/>
			</hour>
			<hour value="13:00">
				<temp value="11" unit="°C"/>
				<symbol value="2" desc="Intervalles nuageux" value2="2" desc2="Intervalles nuageux"/>
				<wind value="27" unit="km/h" dir="S" symbol="13" symbolB="53"/>
				<wind-gusts value="49" unit="km/h"/>
				<rain value="0" unit="mm"/>
				<humidity value="64"/>
				<pressure value="1013" unit="mb"/>
				<clouds value="46%"/>
				<snowline value="2000" unit="m"/>
				<windchill value="11" unit="°C"/>
				<uv_index value="1"/>
			</hour>
			<hour value="16:00">
				<temp value="11" unit="°C"/>
				<symbol value="3" desc="Ciel nuageux" value2="3" desc2="Ciel nuageux"/>
				<wind value="33" unit="km/h" dir="SW" symbol="22" symbolB="62"/>
				<wind-gusts value="58" unit="km/h"/>
				<rain value="0" unit="mm"/>
				<humidity value="60"/>
				<pressure value="1008" unit="mb"/>
				<clouds value="86%"/>
				<snowline value="2100" unit="m"/>
				<windchill value="11" unit="°C"/>
				<uv_index value="0"/>
			</hour>
			<hour value="19:00">
				<temp value="11" unit="°C"/>
				<symbol value="3" desc="Ciel nuageux" value2="3" desc2="Ciel nuageux"/>
				<wind value="35" unit="km/h" dir="SW" symbol="22" symbolB="70"/>
				<wind-gusts value="62" unit="km/h"/>
				<rain value="0" unit="mm"/>
				<humidity value="57"/>
				<pressure value="1003" unit="mb"/>
				<clouds value="86%"/>
				<snowline value="2400" unit="m"/>
				<windchill value="11" unit="°C"/>
				<uv_index value="0"/>
			</hour>
			<hour value="22:00">
				<temp value="10" unit="°C"/>
				<symbol value="7" desc="Ciel couvert avec pluies faibles" value2="7" desc2="Ciel couvert avec pluies faibles"/>
				<wind value="39" unit="km/h" dir="SW" symbol="22" symbolB="86"/>
				<wind-gusts value="91" unit="km/h"/>
				<rain value="1.5" unit="mm"/>
				<humidity value="76"/>
				<pressure value="997" unit="mb"/>
				<clouds value="99%"/>
				<snowline value="2700" unit="m"/>
				<windchill value="10" unit="°C"/>
				<uv_index value="0"/>
			</hour>
		</day>
		<day value="20220506" name="Vendredi">
			<symbol value="9" desc="Ciel nuageux avec pluies modérées" value2="9" desc2="Ciel nuageux avec pluies modérées"/>
			<tempmin value="4" unit="°C"/>
			<tempmax value="12" unit="°C"/>
			<wind value="43" unit="km/h" symbol="22" symbolB="86"/>
			<wind-gusts value="94" unit="km/h"/>
			<rain value="14" unit="mm"/>
			<humidity value="78"/>
			<pressure value="991" unit="mb"/>
			<snowline value="700" unit="m"/>
			<uv_index_max value="1"/>
			<sun in="07:33" mid="12:19" out="17:07"/>
			<moon in="18:40" out="08:33" lumi="97.95%" desc="Pleine Lune, 97.95% Éclairée" symbol="15"/>
			<local_info local_time="11:06" offset="1"/>
			<hour value="01:00">
				<temp value="11" unit="°C"/>
				<symbol value="7" desc="Ciel couvert avec pluies faibles" value2="7" desc2="Ciel couvert avec pluies faibles"/>
				<wind value="43" unit="km/h" dir="SW" symbol="22" symbolB="86"/>
				<wind-gusts value="94" unit="km/h"/>
				<rain value="1.4" unit="mm"/>
				<humidity value="77"/>
				<pressure value="991" unit="mb"/>
				<clouds value="100%"/>
				<snowline value="2000" unit="m"/>
				<windchill value="11" unit="°C"/>
				<uv_index value="0"/>
			</hour>
			<hour value="04:00">
				<temp value="10" unit="°C"/>
				<symbol value="10" desc="Ciel couvert avec pluies modérées" value2="10" desc2="Ciel couvert avec pluies modérées"/>
				<wind value="28" unit="km/h" dir="W" symbol="23" symbolB="79"/>
				<wind-gusts value="85" unit="km/h"/>
				<rain value="4.4" unit="mm"/>
				<humidity value="88"/>
				<pressure value="987" unit="mb"/>
				<clouds value="100%"/>
				<snowline value="1600" unit="m"/>
				<windchill value="10" unit="°C"/>
				<uv_index value="0"/>
			</hour>
			<hour value="07:00">
				<temp value="8" unit="°C"/>
				<symbol value="9" desc="Ciel nuageux avec pluies modérées" value2="9" desc2="Ciel nuageux avec pluies modérées"/>
				<wind value="31" unit="km/h" dir="W" symbol="23" symbolB="71"/>
				<wind-gusts value="68" unit="km/h"/>
				<rain value="5.5" unit="mm"/>
				<humidity value="86"/>
				<pressure value="987" unit="mb"/>
				<clouds value="75%"/>
				<snowline value="1300" unit="m"/>
				<windchill value="4" unit="°C"/>
				<uv_index value="0"/>
			</hour>
			<hour value="10:00">
				<temp value="8" unit="°C"/>
				<symbol value="6" desc="Ciel nuageux avec pluies faibles" value2="6" desc2="Ciel nuageux avec pluies faibles"/>
				<wind value="37" unit="km/h" dir="W" symbol="23" symbolB="71"/>
				<wind-gusts value="73" unit="km/h"/>
				<rain value="1" unit="mm"/>
				<humidity value="80"/>
				<pressure value="988" unit="mb"/>
				<clouds value="88%"/>
				<snowline value="1000" unit="m"/>
				<windchill value="3" unit="°C"/>
				<uv_index value="0"/>
			</hour>
			<hour value="13:00">
				<temp value="7" unit="°C"/>
				<symbol value="6" desc="Ciel nuageux avec pluies faibles" value2="6" desc2="Ciel nuageux avec pluies faibles"/>
				<wind value="37" unit="km/h" dir="W" symbol="23" symbolB="79"/>
				<wind-gusts value="84" unit="km/h"/>
				<rain value="1.5" unit="mm"/>
				<humidity value="78"/>
				<pressure value="989" unit="mb"/>
				<clouds value="58%"/>
				<snowline value="900" unit="m"/>
				<windchill value="3" unit="°C"/>
				<uv_index value="1"/>
			</hour>
			<hour value="16:00">
				<temp value="6" unit="°C"/>
				<symbol value="6" desc="Ciel nuageux avec pluies faibles" value2="6" desc2="Ciel nuageux avec pluies faibles"/>
				<wind value="40" unit="km/h" dir="W" symbol="23" symbolB="87"/>
				<wind-gusts value="92" unit="km/h"/>
				<rain value="0.4" unit="mm"/>
				<humidity value="75"/>
				<pressure value="993" unit="mb"/>
				<clouds value="93%"/>
				<snowline value="700" unit="m"/>
				<windchill value="1" unit="°C"/>
				<uv_index value="0"/>
			</hour>
			<hour value="19:00">
				<temp value="5" unit="°C"/>
				<symbol value="2" desc="Intervalles nuageux" value2="2" desc2="Intervalles nuageux"/>
				<wind value="35" unit="km/h" dir="W" symbol="23" symbolB="79"/>
				<wind-gusts value="85" unit="km/h"/>
				<rain value="0" unit="mm"/>
				<humidity value="69"/>
				<pressure value="996" unit="mb"/>
				<clouds value="53%"/>
				<snowline value="700" unit="m"/>
				<windchill value="0" unit="°C"/>
				<uv_index value="0"/>
			</hour>
			<hour value="22:00">
				<temp value="5" unit="°C"/>
				<symbol value="2" desc="Intervalles nuageux" value2="2" desc2="Intervalles nuageux"/>
				<wind value="31" unit="km/h" dir="W" symbol="23" symbolB="71"/>
				<wind-gusts value="62" unit="km/h"/>
				<rain value="0" unit="mm"/>
				<humidity value="60"/>
				<pressure value="997" unit="mb"/>
				<clouds value="36%"/>
				<snowline value="700" unit="m"/>
				<windchill value="0" unit="°C"/>
				<uv_index value="0"/>
			</hour>
		</day>
	</location>
</report>